ilce_adi;mahalle_adi;mahalle_koy_uavt;cok_agir_hasarli_bina_sayisi;agir_hasarli_bina_sayisi;orta_hasarli_bina_sayisi;hafif_hasarli_bina_sayisi;can_kaybi_sayisi;agir_yarali_sayisi;hastanede_tedavi_sayisi;hafif_yarali_sayisi;dogalgaz_boru_hasari;icme_suyu_boru_hasari;atik_su_boru_hasari;gecici_barinma
ADALAR;BURGAZADA;40139;54;99;256;241;8;6;24;42;0;0;1;398
ADALAR;HEYBEL›ADA;40142;101;175;423;393;25;21;66;113;1;1;2;763
ADALAR;KINALIADA;40143;53;97;287;302;5;3;15;27;0;1;1;420
ADALAR;MADEN;40140;104;192;483;484;22;18;64;113;1;1;2;847
ADALAR;N›ZAM;40141;101;180;445;422;16;13;48;83;1;2;2;687
ARNAVUTK÷Y;ADNAN MENDERES;40490;1;3;21;57;0;0;1;3;0;0;0;89
ARNAVUTK÷Y;ANADOLU;99359;2;13;108;371;0;0;8;26;1;1;1;659
ARNAVUTK÷Y;ARNAVUTK÷Y MERKEZ;40478;1;6;51;199;0;0;2;10;0;1;1;273
ARNAVUTK÷Y;ATAT‹RK;40482;1;6;49;129;0;0;2;8;0;0;0;209
ARNAVUTK÷Y;BAKLALI;191981;1;5;23;65;0;0;0;0;0;0;0;26
ARNAVUTK÷Y;BALABAN;191983;0;1;7;25;0;0;0;0;0;0;0;7
ARNAVUTK÷Y;BO–AZK÷Y ›ST›KLAL;40483;2;14;95;249;0;0;3;10;0;1;1;246
ARNAVUTK÷Y;BOLLUCA;40487;1;6;46;125;0;0;1;5;0;0;0;177
ARNAVUTK÷Y;BOYALIK;191985;1;4;21;63;0;0;0;0;0;0;0;24
ARNAVUTK÷Y;«›L›NG›R;40494;1;5;28;76;0;0;0;0;0;0;0;38
ARNAVUTK÷Y;DEL›KL›KAYA;40910;1;7;50;120;0;0;0;2;1;1;1;173
ARNAVUTK÷Y;DURSUNK÷Y;40911;1;5;18;45;0;0;0;1;0;0;0;22
ARNAVUTK÷Y;DURUSU;40915;0;2;10;30;0;0;0;0;0;0;0;16
ARNAVUTK÷Y;FAT›H;40495;1;4;21;59;0;0;0;1;0;0;0;51
ARNAVUTK÷Y;HACIMAﬁLI;191975;0;3;16;41;0;0;0;0;0;0;0;20
ARNAVUTK÷Y;HADIMK÷Y;40913;1;7;63;203;0;0;0;4;1;1;1;387
ARNAVUTK÷Y;HARA««I;40489;2;12;82;230;0;0;0;4;1;1;1;209
ARNAVUTK÷Y;HASTANE;40912;1;6;45;147;0;0;0;5;0;0;0;148
ARNAVUTK÷Y;H›CRET;40486;0;3;24;61;0;0;0;2;0;0;0;91
ARNAVUTK÷Y;›MRAHOR;40481;3;17;96;255;0;0;2;11;1;1;1;301
ARNAVUTK÷Y;›SLAMBEY;40479;2;11;88;268;0;0;4;18;1;0;1;395
ARNAVUTK÷Y;KARABURUN;191987;0;3;32;112;0;0;0;0;0;0;0;34
ARNAVUTK÷Y;KARLIBAYIR;40488;2;9;60;186;0;0;1;8;0;0;1;188
ARNAVUTK÷Y;MAREﬁAL FEVZ› «AKMAK;40493;1;6;50;141;0;0;0;1;0;1;1;115
ARNAVUTK÷Y;MAV›G÷L;40485;1;6;53;146;0;0;0;3;0;0;0;146
ARNAVUTK÷Y;MEHMET AK›F ERSOY;40491;1;4;26;73;0;0;0;3;0;0;1;132
ARNAVUTK÷Y;MUSTAFA KEMAL PAﬁA;99358;1;7;53;161;0;0;3;11;0;0;1;254
ARNAVUTK÷Y;NENEHATUN;99357;1;5;43;124;0;0;0;7;0;0;1;180
ARNAVUTK÷Y;÷MERL›;40906;1;7;49;124;0;0;0;3;1;0;0;189
ARNAVUTK÷Y;SAZLIBOSNA;40907;0;5;26;68;0;0;0;1;0;0;0;46
ARNAVUTK÷Y;TAﬁOLUK;40492;1;6;44;122;0;0;1;6;0;0;1;120
ARNAVUTK÷Y;TAYAKADIN;191977;3;12;57;162;0;0;0;1;0;0;0;92
ARNAVUTK÷Y;TERKOS;40914;1;4;19;58;0;0;0;0;0;0;0;22
ARNAVUTK÷Y;YASSI÷REN;191989;0;1;12;41;0;0;0;0;0;0;0;11
ARNAVUTK÷Y;YAVUZ SEL›M;40480;2;9;64;180;0;0;1;9;0;0;1;250
ARNAVUTK÷Y;YEN›K÷Y;191979;1;5;39;121;0;0;0;0;0;1;1;43
ARNAVUTK÷Y;YEﬁ›LBAYIR;40908;1;4;27;69;0;0;0;0;0;0;0;29
ARNAVUTK÷Y;YUNUS EMRE;40484;1;10;88;244;0;0;5;16;0;0;1;403
ATAﬁEH›R;AﬁIKVEYSEL;98687;5;18;102;266;4;3;12;26;0;0;0;465
ATAﬁEH›R;ATAT‹RK;99749;2;12;76;209;2;0;11;30;0;1;1;706
ATAﬁEH›R;BARBAROS;40527;14;50;248;498;11;9;42;88;1;1;2;1281
ATAﬁEH›R;ESATPAﬁA;40793;5;20;140;422;3;1;14;33;0;0;1;598
ATAﬁEH›R;FERHATPAﬁA;40577;4;26;191;493;0;0;5;26;1;1;2;784
ATAﬁEH›R;FETIH;40795;1;3;26;102;1;0;3;7;0;0;0;203
ATAﬁEH›R;›«ERENK÷Y;40530;23;76;465;1180;19;8;61;133;1;1;3;2792
ATAﬁEH›R;›N÷N‹;40534;4;17;115;392;2;0;14;36;0;0;1;775
ATAﬁEH›R;KAYIﬁDA–I;40533;10;52;352;785;7;2;31;76;1;1;2;1930
ATAﬁEH›R;K‹«‹KBAKKALK÷Y;40531;13;41;200;501;11;6;35;71;1;1;2;1284
ATAﬁEH›R;MEVLANA;99516;1;8;64;188;2;0;7;20;0;0;0;470
ATAﬁEH›R;M›MAR S›NAN;99519;2;13;81;203;1;0;7;18;0;0;0;370
ATAﬁEH›R;MUSTAFA KEMAL;40740;8;28;145;345;6;4;18;40;0;0;1;643
ATAﬁEH›R;÷RNEK;40816;9;31;181;463;7;4;25;54;0;0;1;966
ATAﬁEH›R;YEN› «AMLICA;40746;5;24;152;319;3;1;11;28;0;0;1;630
ATAﬁEH›R;YEN›SAHRA;40526;17;51;205;397;10;9;32;64;0;0;1;671
ATAﬁEH›R;YEN›ﬁEH›R;99517;0;1;13;70;0;0;2;5;1;1;0;134
AVCILAR;AMBARLI;40146;26;105;388;634;67;35;191;364;2;2;7;3699
AVCILAR;C›HANG›R;40148;37;169;688;1171;87;46;252;496;3;4;9;5464
AVCILAR;DEN›ZK÷ﬁKLER;40147;33;138;516;843;74;39;212;409;2;3;7;4086
AVCILAR;F›RUZK÷Y;40152;19;150;676;1005;18;7;61;135;2;2;7;2073
AVCILAR;G‹M‹ﬁPALA;40151;27;115;446;750;63;34;184;353;2;2;6;3833
AVCILAR;MERKEZ;40145;17;64;253;471;44;23;124;241;1;1;4;2751
AVCILAR;MUSTAFA KEMALPAﬁA;40150;21;91;416;821;47;25;134;274;1;2;4;3863
AVCILAR;TAHTAKALE;40154;5;52;321;658;3;1;26;76;1;1;1;2247
AVCILAR;‹N›VERS›TE;40149;12;64;276;480;19;9;55;113;1;1;4;1617
AVCILAR;YEﬁ›LKENT;40153;36;313;1565;2452;43;20;146;338;4;4;5;5308
BA–CILAR;100. YIL;40176;6;22;186;665;7;3;25;61;0;0;1;1233
BA–CILAR;BA–LAR;40155;36;86;315;455;33;19;90;165;1;1;3;3267
BA–CILAR;BARBAROS;40157;36;74;273;453;50;28;133;242;0;1;2;2646
BA–CILAR;«INAR;40163;45;86;360;720;82;45;215;390;1;1;2;2548
BA–CILAR;DEM›RKAPI;40171;43;108;509;1013;71;39;192;368;1;1;3;3443
BA–CILAR;EVREN;40169;54;144;657;1233;70;38;190;367;1;2;4;3236
BA–CILAR;FAT›H;40172;25;62;334;808;40;21;107;208;1;1;2;2332
BA–CILAR;FEVZ› «AKMAK;40173;27;64;311;673;44;24;118;224;1;1;2;2593
BA–CILAR;G÷ZTEPE;40175;19;53;287;683;25;15;71;144;1;1;2;1930
BA–CILAR;G‹NEﬁL›;40168;47;114;507;961;71;39;190;358;1;1;3;4189
BA–CILAR;H‹RR›YET;40156;49;99;367;570;65;35;171;307;1;1;2;2802
BA–CILAR;›N÷N‹;40159;46;90;326;525;64;38;169;304;0;1;2;2718
BA–CILAR;KAZIM KARABEK›R;40158;46;94;360;607;66;38;174;316;1;1;2;3061
BA–CILAR;KEMALPAﬁA;40174;20;50;284;682;30;16;81;160;0;0;1;2045
BA–CILAR;K›RAZLI;40166;51;119;501;902;76;42;203;380;1;1;3;4099
BA–CILAR;MAHMUTBEY;40170;47;144;694;1236;39;23;110;209;1;2;5;1740
BA–CILAR;MERKEZ;40162;26;52;221;434;52;28;137;251;1;0;2;2323
BA–CILAR;SANCAKTEPE;40164;23;49;215;419;35;19;92;171;0;1;2;1620
BA–CILAR;YAVUZ SEL›M;40165;30;69;298;568;47;26;125;234;1;1;2;2432
BA–CILAR;YEN›G‹N;40161;24;43;186;373;54;29;138;250;0;0;2;2068
BA–CILAR;YEN›MAHALLE;40167;29;73;332;634;48;26;128;242;1;1;2;2821
BA–CILAR;YILDIZTEPE;40160;67;130;478;783;110;61;289;518;1;1;3;4367
BAH«EL›EVLER;BAH«EL›EVLER;40177;81;147;488;752;185;99;480;838;2;3;6;6193
BAH«EL›EVLER;CUMHUR›YET;40181;47;87;362;680;97;53;254;459;1;1;3;3989
BAH«EL›EVLER;«OBAN«EﬁME;40184;62;125;469;751;83;44;217;393;2;2;4;3437
BAH«EL›EVLER;FEVZ› «AKMAK;40185;37;71;276;470;70;36;180;326;1;1;2;2848
BAH«EL›EVLER;H‹RR›YET;40187;56;105;432;757;128;69;335;601;1;1;4;4906
BAH«EL›EVLER;KOCAS›NAN MERKEZ;40182;71;151;611;1088;148;83;394;723;2;2;6;6969
BAH«EL›EVLER;S›YAVUﬁPAﬁA;40179;88;143;521;922;220;117;567;989;1;2;4;6781
BAH«EL›EVLER;SO–ANLI;40180;74;126;537;1059;189;101;491;875;1;2;4;6850
BAH«EL›EVLER;ﬁ›R›NEVLER;40178;105;171;592;945;230;122;592;1028;2;2;6;6563
BAH«EL›EVLER;YEN›BOSNA MERKEZ;40183;74;162;553;796;71;41;193;352;2;3;7;3588
BAH«EL›EVLER;ZAFER;40186;101;202;827;1466;212;114;558;1015;2;2;6;9075
BAKIRK÷Y;ATAK÷Y 1. KISIM;40202;6;10;24;32;12;6;31;52;1;0;1;204
BAKIRK÷Y;ATAK÷Y 2-5-6. KISIM;40194;16;27;61;77;68;36;176;295;1;1;2;1760
BAKIRK÷Y;ATAK÷Y 3-4-11. KISIM;40201;18;30;75;89;43;23;110;185;1;1;2;1131
BAKIRK÷Y;ATAK÷Y 7-8-9-10. KISIM;40196;16;38;126;199;63;33;165;291;1;1;4;2371
BAKIRK÷Y;BASINK÷Y;40200;62;93;200;167;47;35;123;208;1;1;4;1114
BAKIRK÷Y;CEV›ZL›K;40192;39;63;188;271;29;16;74;127;0;1;1;663
BAKIRK÷Y;KARTALTEPE;40197;82;132;393;567;166;89;424;725;1;2;4;4460
BAKIRK÷Y;OSMAN›YE;40188;44;83;259;349;87;47;225;391;1;1;3;2766
BAKIRK÷Y;SAKIZA–ACI;40191;34;50;131;176;41;23;104;176;0;0;1;1092
BAKIRK÷Y;ﬁENL›KK÷Y;40199;110;234;593;488;122;68;324;561;3;3;8;4483
BAKIRK÷Y;YEN›MAHALLE;40190;34;50;132;186;42;23;108;182;0;0;1;894
BAKIRK÷Y;YEﬁ›LK÷Y;40189;201;310;696;621;161;92;413;695;3;4;11;3776
BAKIRK÷Y;YEﬁ›LYURT;40195;25;38;95;99;35;19;91;154;1;1;2;1025
BAKIRK÷Y;ZEYT›NL›K;40193;30;49;152;228;27;15;70;121;0;0;1;678
BAKIRK÷Y;ZUHURATBABA;40198;65;99;269;390;103;56;263;447;1;1;3;2493
BAﬁAKﬁEH›R;ALTINﬁEH›R;40598;10;42;199;374;8;6;28;61;0;0;1;945
BAﬁAKﬁEH›R;BAH«EﬁEH›R 1. KISIM;40871;5;44;278;549;1;0;11;33;0;1;2;1151
BAﬁAKﬁEH›R;BAH«EﬁEH›R 2. KISIM;40872;11;57;311;738;16;7;53;115;1;2;2;1613
BAﬁAKﬁEH›R;BAﬁAK;40357;1;8;66;225;1;0;7;24;1;1;1;1000
BAﬁAKﬁEH›R;BAﬁAKﬁEH›R;40581;1;3;21;115;1;0;6;18;0;0;1;522
BAﬁAKﬁEH›R;G‹VERC›NTEPE;40597;26;115;573;1173;21;16;80;183;1;1;3;3188
BAﬁAKﬁEH›R;KAYABAﬁI;40583;4;18;91;261;2;1;9;27;1;1;1;1580
BAﬁAKﬁEH›R;ﬁAH›NTEPE;40584;29;128;615;1197;11;8;54;125;1;1;2;2380
BAﬁAKﬁEH›R;ﬁAMLAR;191991;1;7;36;88;0;0;0;0;0;0;1;53
BAﬁAKﬁEH›R;Z›YA G÷KALP;40585;27;153;787;1523;10;7;39;84;1;2;6;965
BAYRAMPAﬁA;ALTINTEPS›;40207;68;135;483;826;60;37;161;291;1;1;2;2839
BAYRAMPAﬁA;CEVATPAﬁA;40203;18;43;175;384;18;12;51;98;0;0;1;1214
BAYRAMPAﬁA;›SMET PAﬁA;40209;50;86;260;442;41;28;108;191;0;0;1;1510
BAYRAMPAﬁA;KARTALTEPE;40211;68;137;483;1025;67;45;180;331;1;1;2;3056
BAYRAMPAﬁA;KOCATEPE;40212;26;55;233;468;30;17;82;154;1;1;2;1653
BAYRAMPAﬁA;MURATPAﬁA;40213;116;202;589;1008;93;63;245;435;1;1;2;3394
BAYRAMPAﬁA;ORTAMAHALLE;40204;57;107;334;533;40;27;106;189;0;1;1;1588
BAYRAMPAﬁA;TERAZ›DERE;40206;52;98;309;530;34;24;93;167;0;1;2;1509
BAYRAMPAﬁA;VATAN;40205;36;72;229;366;22;16;60;108;0;0;1;1053
BAYRAMPAﬁA;YEN›DO–AN;40208;57;104;345;582;46;29;122;217;0;1;2;1765
BAYRAMPAﬁA;YILDIRIM;40210;66;143;619;1251;69;42;186;348;1;1;3;3483
BEﬁ›KTAﬁ;ABBASA–A;40219;2;6;31;111;1;1;4;9;0;0;0;136
BEﬁ›KTAﬁ;AKAT;40234;3;11;73;220;1;1;5;14;0;0;1;329
BEﬁ›KTAﬁ;ARNAVUTK÷Y;40231;1;7;52;164;0;0;0;4;0;0;0;90
BEﬁ›KTAﬁ;BALMUMCU;40223;1;3;24;67;0;0;1;3;0;0;0;84
BEﬁ›KTAﬁ;BEBEK;40232;2;6;46;143;0;0;2;5;0;0;0;114
BEﬁ›KTAﬁ;C›HANN‹MA;40217;3;7;35;110;2;1;5;10;0;0;0;119
BEﬁ›KTAﬁ;D›K›L›TAﬁ;40221;2;4;25;135;2;1;7;16;0;0;0;207
BEﬁ›KTAﬁ;ET›LER;40233;1;4;44;137;0;0;2;8;0;0;0;201
BEﬁ›KTAﬁ;GAYRETTEPE;40222;1;3;17;93;1;0;6;13;0;0;0;178
BEﬁ›KTAﬁ;KONAKLAR;40236;1;4;28;106;0;0;4;10;0;0;1;230
BEﬁ›KTAﬁ;KURU«EﬁME;40228;1;6;38;116;0;0;0;3;0;0;0;74
BEﬁ›KTAﬁ;K‹LT‹R;40229;0;2;17;65;0;0;1;2;0;0;0;64
BEﬁ›KTAﬁ;LEVAZIM;40226;0;1;7;40;0;0;1;4;0;0;0;74
BEﬁ›KTAﬁ;LEVENT;40235;2;8;95;248;0;0;1;4;1;1;1;105
BEﬁ›KTAﬁ;MEC›D›YE;40224;11;32;127;293;6;4;17;38;0;0;0;525
BEﬁ›KTAﬁ;MURAD›YE;40216;1;2;12;66;1;0;3;6;0;0;0;69
BEﬁ›KTAﬁ;N›SBET›YE;40230;1;2;21;103;0;0;2;7;0;0;0;143
BEﬁ›KTAﬁ;ORTAK÷Y;40225;7;20;96;239;2;2;9;20;0;0;1;366
BEﬁ›KTAﬁ;S›NANPAﬁA;40215;8;18;71;169;4;2;10;18;0;0;0;147
BEﬁ›KTAﬁ;T‹RKAL›;40218;6;14;62;190;4;2;10;21;0;0;0;333
BEﬁ›KTAﬁ;ULUS;40227;1;3;23;88;0;0;1;5;0;0;0;125
BEﬁ›KTAﬁ;V›ﬁNEZADE;40214;5;13;54;170;1;0;4;11;0;1;1;214
BEﬁ›KTAﬁ;YILDIZ;40220;4;11;55;168;1;0;4;9;1;0;1;169
BEYKOZ;ACARLAR;40250;1;8;89;295;0;0;0;0;1;0;0;109
BEYKOZ;AKBABA;191701;0;2;18;66;0;0;0;0;0;0;0;33
BEYKOZ;AL›BAHADIR;191703;1;2;14;40;0;0;0;0;0;0;0;19
BEYKOZ;ANADOLU FENER›;191705;0;2;15;48;0;0;0;0;0;0;0;18
BEYKOZ;ANADOLU H›SARI;40243;3;10;67;145;0;0;2;5;0;0;0;27
BEYKOZ;ANADOLU KAVA–I;40256;1;3;16;49;0;0;0;1;0;0;0;102
BEYKOZ;BAKLACI;40257;1;8;64;171;0;0;0;0;1;1;1;95
BEYKOZ;BOZHANE;191725;1;3;13;36;0;0;0;0;0;0;0;15
BEYKOZ;CUMHUR›YET;191727;1;5;28;84;0;0;0;1;0;0;0;41
BEYKOZ;«AMLIBAH«E;40253;10;26;122;224;4;3;14;27;0;0;1;356
BEYKOZ;«ENGELDERE;40258;1;7;58;172;0;0;0;0;0;1;1;108
BEYKOZ;«›FTL›K;40259;1;7;61;172;0;0;0;0;0;0;1;120
BEYKOZ;«›–DEM;40240;1;6;59;199;0;0;0;5;0;0;0;152
BEYKOZ;«UBUKLU;40241;9;34;185;495;3;3;13;33;1;1;1;483
BEYKOZ;DERESEK›;191709;0;2;19;66;0;0;0;0;0;0;0;23
BEYKOZ;ELMALI;191711;1;4;34;106;0;0;0;0;0;0;0;48
BEYKOZ;FAT›H;40260;0;4;31;91;0;0;0;1;0;0;0;83
BEYKOZ;G÷KSU;40244;5;15;80;149;1;0;6;13;0;0;1;140
BEYKOZ;G÷LL‹;191729;0;1;7;19;0;0;0;0;0;0;0;8
BEYKOZ;G÷RELE;191713;1;4;32;91;0;0;0;0;0;0;0;50
BEYKOZ;G÷ZTEPE;40246;4;15;90;209;1;0;5;12;0;0;1;295
BEYKOZ;G‹M‹ﬁSUYU;40237;9;34;176;469;1;1;8;21;0;1;1;357
BEYKOZ;›NC›RK÷Y;40238;5;20;149;416;1;1;5;15;0;0;1;368
BEYKOZ;›SHAKLI;191731;1;4;26;78;0;0;0;0;0;0;0;29
BEYKOZ;KANLICA;40242;1;5;42;119;0;0;0;3;0;0;0;97
BEYKOZ;KAVACIK;40247;7;23;134;381;2;1;13;31;0;1;1;545
BEYKOZ;KAYNARCA;191715;0;1;8;25;0;0;0;0;0;0;0;12
BEYKOZ;KILI«LI;191733;0;1;11;36;0;0;0;0;0;0;0;11
BEYKOZ;MAHMUTﬁEVKETPAﬁA;191723;1;5;31;93;0;0;0;0;0;0;0;40
BEYKOZ;MERKEZ;40251;0;2;33;122;0;0;0;1;0;0;0;63
BEYKOZ;ORTA«EﬁME;40254;4;13;83;202;2;1;5;11;0;0;0;196
BEYKOZ;÷–‹MCE;191735;1;3;18;49;0;0;0;0;0;0;0;20
BEYKOZ;÷RNEKK÷Y;191721;1;5;38;120;0;0;0;0;0;0;1;69
BEYKOZ;PAﬁABAH«E;40239;4;11;72;143;1;0;4;9;0;0;0;161
BEYKOZ;PAﬁAMANDIRA;191737;2;6;26;71;0;0;0;1;0;0;0;39
BEYKOZ;POLONEZK÷Y;191717;2;6;32;77;0;0;0;0;0;0;0;27
BEYKOZ;POYRAZK÷Y;16634;1;4;16;43;0;0;0;0;0;0;0;0
BEYKOZ;R›VA;191707;0;3;37;134;0;0;0;0;1;0;0;37
BEYKOZ;R‹ZGARLIBAH«E;40248;4;20;86;248;1;1;6;15;0;0;0;166
BEYKOZ;SO–UKSU;40249;0;3;41;150;0;0;0;2;0;0;0;94
BEYKOZ;TOKATK÷Y;40255;7;23;137;339;3;2;9;19;0;0;0;324
BEYKOZ;YALIK÷Y;40252;7;18;83;190;2;2;7;15;0;0;0;165
BEYKOZ;YAVUZ SEL›M;40261;1;8;73;209;0;0;0;0;1;1;1;114
BEYKOZ;YEN› MAHALLE;40245;13;55;290;679;3;1;15;43;1;0;1;656
BEYKOZ;ZERZAVAT«I;191739;0;2;12;36;0;0;0;0;0;0;0;22
BEYL›KD‹Z‹;ADNAN KAHVEC›;40869;27;83;292;624;106;56;285;523;2;5;8;6195
BEYL›KD‹Z‹;BARIﬁ;40875;12;39;126;306;84;44;222;394;1;2;5;3284
BEYL›KD‹Z‹;B‹Y‹KﬁEH›R;40877;3;10;30;89;25;13;65;115;0;0;1;1076
BEYL›KD‹Z‹;CUMHUR›YET;40874;6;14;40;140;36;19;95;168;1;1;2;1051
BEYL›KD‹Z‹;DEREA–ZI;40870;66;203;594;619;24;10;80;159;4;7;14;1785
BEYL›KD‹Z‹;G‹RPINAR;40867;39;126;397;450;37;20;104;191;2;2;5;2400
BEYL›KD‹Z‹;KAVAKLI;40873;40;117;369;524;50;27;147;271;3;5;13;2914
BEYL›KD‹Z‹;MARMARA;40893;25;80;241;343;56;28;152;271;3;3;7;2506
BEYL›KD‹Z‹;SAH›L;40876;25;65;171;161;12;6;37;67;1;2;4;684
BEYL›KD‹Z‹;YAKUPLU;40894;78;213;744;1075;97;53;269;496;4;5;13;4775
BEYO–LU;ARAP CAM›;40299;17;29;86;157;0;0;1;2;0;0;1;12
BEYO–LU;ASMALI MESC›T;40281;2;4;21;82;0;0;1;3;0;0;0;112
BEYO–LU;BEDRETT›N;40300;3;7;26;63;1;0;2;5;0;0;0;225
BEYO–LU;BEREKETZADE;40298;4;9;35;89;0;0;1;1;0;0;0;41
BEYO–LU;BOSTAN;40291;11;23;76;142;7;6;20;37;0;0;0;198
BEYO–LU;B‹LB‹L;40292;4;14;64;172;1;1;4;9;0;0;0;138
BEYO–LU;CAM››KEB›R;40301;28;46;126;195;14;9;34;62;0;1;1;182
BEYO–LU;C›HANG›R;40275;2;5;26;111;0;0;2;5;0;0;0;249
BEYO–LU;«ATMA MESC›T;40283;2;6;25;67;1;1;3;5;0;0;0;169
BEYO–LU;«UKUR;40293;3;8;32;97;1;1;3;7;0;0;0;59
BEYO–LU;EMEKYEMEZ;40269;11;21;68;123;0;0;1;1;0;0;0;3
BEYO–LU;EVL›YA «ELEB›;40282;1;2;8;27;0;0;1;1;0;0;0;46
BEYO–LU;FET›HTEPE;40262;8;26;148;387;6;5;19;41;0;0;0;75
BEYO–LU;F›RUZA–A;40276;3;9;39;128;1;1;4;8;0;0;0;82
BEYO–LU;G‹M‹ﬁSUYU;40278;2;4;22;86;0;0;2;3;0;0;0;82
BEYO–LU;HACIAHMET;40280;16;38;133;292;10;8;28;54;0;0;0;239
BEYO–LU;HACIM›M›;40285;17;22;57;102;2;1;5;8;0;0;0;32
BEYO–LU;HALICIO–LU;40304;11;21;80;175;12;7;31;56;0;0;0;1821
BEYO–LU;H‹SEY›NA–A;40272;1;4;18;69;0;0;1;3;0;0;0;85
BEYO–LU;›ST›KLAL;40279;29;66;200;315;10;9;27;50;0;0;1;45
BEYO–LU;KADI MEHMET EFEND›;40267;7;13;53;137;7;4;19;35;0;0;0;61
BEYO–LU;KALYONCU KULLU–U;40270;4;10;40;107;2;2;6;12;0;0;0;78
BEYO–LU;KAMER HATUN;40271;1;5;19;60;1;1;2;4;0;0;0;39
BEYO–LU;KAPTANPAﬁA;40264;10;28;146;352;12;7;32;64;0;0;1;477
BEYO–LU;KAT›PMUSTAFA «ELEB›;40274;1;4;20;85;0;0;1;3;0;0;0;24
BEYO–LU;KE«EC› P›R›;40302;18;39;164;361;10;7;29;55;1;1;1;118
BEYO–LU;KEMANKEﬁ KARAMUSTAFAPAﬁA;40297;23;29;69;100;2;1;5;8;0;0;1;4
BEYO–LU;KILI«AL› PAﬁA;40296;2;5;23;83;0;0;2;5;0;0;0;300
BEYO–LU;KOCATEPE;40277;3;9;40;132;1;1;2;5;0;0;0;177
BEYO–LU;KULAKSIZ;40266;12;21;74;148;12;8;32;58;0;0;0;637
BEYO–LU;KULO–LU;40288;2;5;24;94;0;0;2;4;0;0;0;102
BEYO–LU;K‹«‹K P›YALE;40268;16;29;97;179;11;8;29;53;0;0;1;199
BEYO–LU;M‹EYYETZADE;40286;2;5;22;73;0;0;1;1;0;0;0;25
BEYO–LU;÷MER AVN›;40294;4;7;29;91;1;0;5;9;0;0;0;91
BEYO–LU;÷RNEKTEPE;40305;22;45;166;311;15;11;40;75;1;1;1;87
BEYO–LU;P›R›PAﬁA;40303;26;55;208;406;21;14;57;106;0;1;1;455
BEYO–LU;P›YALEPAﬁA;40263;9;26;168;490;9;6;26;54;1;0;1;185
BEYO–LU;P‹RTELAﬁ HASAN EFEND›;40295;4;8;31;82;1;0;4;7;0;0;0;293
BEYO–LU;SURUR› MEHMET EFEND›;40289;15;28;84;140;9;7;24;42;0;0;0;114
BEYO–LU;S‹TL‹CE;40306;22;39;123;226;21;13;55;98;0;1;1;992
BEYO–LU;ﬁAHKULU;40284;2;5;23;84;0;0;1;2;0;0;0;207
BEYO–LU;ﬁEH›T MUHTAR;40273;3;8;36;140;0;0;2;5;0;0;0;300
BEYO–LU;TOMTOM;40287;2;7;31;108;1;1;3;5;0;0;0;229
BEYO–LU;YAHYA KAHYA;40290;20;33;92;131;12;8;31;53;0;0;1;646
BEYO–LU;YEN›ﬁEH›R;40265;5;14;60;159;3;2;9;17;0;0;0;560
B‹Y‹K«EKMECE;19 MAYIS;40850;13;36;139;208;13;7;35;67;1;1;2;818
B‹Y‹K«EKMECE;AHMED›YE;40891;5;16;60;84;1;0;3;7;0;0;0;117
B‹Y‹K«EKMECE;ALKENT 2000;40844;12;57;255;386;1;0;6;12;1;1;1;406
B‹Y‹K«EKMECE;ATAT‹RK;40845;24;75;293;410;28;14;76;145;1;1;2;1933
B‹Y‹K«EKMECE;BAH«EL›EVLER;40882;24;111;449;550;0;0;7;23;1;2;1;579
B‹Y‹K«EKMECE;CELAL›YE;40928;7;66;358;608;0;0;4;17;2;3;2;471
B‹Y‹K«EKMECE;CUMHUR›YET;40846;11;48;189;261;9;4;31;62;1;1;2;631
B‹Y‹K«EKMECE;«AKMAKLI;99334;9;27;96;139;7;5;22;41;0;0;0;430
B‹Y‹K«EKMECE;D›ZDAR›YE;40847;22;43;137;185;20;12;53;95;0;0;1;818
B‹Y‹K«EKMECE;EK›NOBA;40886;8;29;115;183;14;7;40;77;1;1;2;1061
B‹Y‹K«EKMECE;FAT›H;40848;29;80;306;422;31;16;88;166;1;1;3;1920
B‹Y‹K«EKMECE;G‹ZELCE;40883;41;174;635;734;6;2;30;65;2;3;3;1076
B‹Y‹K«EKMECE;H‹RR›YET;40889;28;92;375;535;22;14;68;139;1;2;4;1902
B‹Y‹K«EKMECE;KAM›LOBA;40929;6;56;313;541;0;0;1;7;2;3;3;549
B‹Y‹K«EKMECE;KARAA–A«;40849;5;39;219;416;0;0;0;0;1;1;1;227
B‹Y‹K«EKMECE;KUMBURGAZ;40884;20;81;328;444;3;1;17;39;1;2;2;801
B‹Y‹K«EKMECE;M›MAR S›NAN MERKEZ;40887;42;98;324;412;21;13;61;109;1;1;3;967
B‹Y‹K«EKMECE;M›MAROBA;140376;10;35;143;265;22;12;63;117;1;1;2;1453
B‹Y‹K«EKMECE;MURAT «EﬁME;40888;15;61;246;351;15;7;49;98;1;2;4;1423
B‹Y‹K«EKMECE;PINARTEPE;40868;22;85;326;465;25;11;75;148;2;3;4;1849
B‹Y‹K«EKMECE;S›NANOBA;140374;20;78;273;349;22;11;62;116;1;1;2;1681
B‹Y‹K«EKMECE;T‹RKOBA;40892;23;115;521;740;3;2;17;55;2;1;6;1216
B‹Y‹K«EKMECE;ULUS;40890;33;93;361;472;25;16;71;135;1;1;3;1732
B‹Y‹K«EKMECE;YEN›MAHALLE;40885;10;40;161;207;0;0;6;14;1;1;1;238
«ATALCA;AKALAN;191781;1;4;18;52;0;0;0;1;0;0;0;11
«ATALCA;ATAT‹RK;40903;0;1;10;48;0;0;0;0;0;0;0;234
«ATALCA;AYDINLAR;191783;0;1;9;39;0;0;0;0;0;0;0;249
«ATALCA;BAHﬁAY›ﬁ;40902;0;3;15;37;0;0;0;0;0;0;0;5
«ATALCA;BAﬁAK;191821;0;0;5;19;0;0;0;0;0;0;0;186
«ATALCA;BELGRAT;191823;0;0;5;20;0;0;0;0;0;0;0;19
«ATALCA;CELEPK÷Y;191825;0;0;3;12;0;0;0;0;0;0;0;12
«ATALCA;«AKIL;40899;10;47;218;397;0;0;2;4;1;1;2;8
«ATALCA;«ANAK«A;191785;1;7;46;142;0;0;0;1;0;0;0;47
«ATALCA;«›FTL›KK÷Y;40917;0;2;17;67;0;0;0;0;0;0;0;63
«ATALCA;DA–YEN›CE;191787;1;3;15;45;0;0;0;0;0;0;0;8
«ATALCA;ELBASAN;191789;2;9;48;100;0;0;0;0;0;0;1;0
«ATALCA;FAT›H;40904;0;1;9;41;0;0;0;0;0;0;0;42
«ATALCA;FERHATPAﬁA;40897;8;40;225;550;3;1;15;38;1;1;2;3
«ATALCA;G÷K«EAL›;191791;1;6;40;109;0;0;0;1;0;0;0;74
«ATALCA;G‹M‹ﬁPINAR;191793;0;1;8;31;0;0;0;0;0;0;0;3
«ATALCA;HALLA«LI;191795;3;8;37;98;0;0;0;1;0;0;1;48
«ATALCA;H›SARBEYL›;191827;0;0;3;13;0;0;0;0;0;0;0;50
«ATALCA;›HSAN›YE;191797;2;8;37;102;0;0;0;1;0;0;0;59
«ATALCA;›NCE–›Z;191799;1;7;42;108;0;0;0;0;0;1;0;72
«ATALCA;›ZZETT›N;40900;1;7;56;150;0;0;0;0;0;1;1;88
«ATALCA;KABAK«A;191801;5;17;76;193;0;0;0;1;0;0;1;16
«ATALCA;KALE›«›;40898;9;42;213;436;1;1;6;15;1;1;2;232
«ATALCA;KALFA;191803;0;1;11;39;0;0;0;0;0;0;0;16
«ATALCA;KARACAK÷Y MERKEZ;40916;0;2;27;98;0;0;0;0;0;0;1;13
«ATALCA;KARAMANDERE;191829;0;1;7;27;0;0;0;0;0;0;0;18
«ATALCA;KESTANEL›K;191805;1;6;41;118;0;0;1;1;0;0;0;12
«ATALCA;KIZILCAAL›;191807;0;1;8;26;0;0;0;0;0;0;0;33
«ATALCA;MURATBEY MERKEZ;40905;1;13;80;157;0;0;0;1;0;1;1;6
«ATALCA;NAKKAﬁ;40909;2;8;39;100;0;0;0;0;0;0;0;50
«ATALCA;OKLALI;191809;1;3;22;63;0;0;0;0;0;0;0;16
«ATALCA;ORMANLI;191831;0;1;13;48;0;0;0;0;0;0;0;69
«ATALCA;OVAYEN›CE;40901;11;39;159;261;0;0;1;2;1;1;1;1
«ATALCA;÷RC‹NL‹;191811;0;2;18;56;0;0;0;0;0;0;0;4
«ATALCA;÷RENC›K;191813;0;1;11;43;0;0;0;0;0;0;0;7
«ATALCA;SUBAﬁI;191815;2;8;47;130;0;0;0;0;0;0;0;88
«ATALCA;YALIK÷Y;191833;0;1;12;54;0;0;0;0;0;0;0;40
«ATALCA;YAYLACIK;191817;0;0;0;2;0;0;0;0;0;0;0;6
«ATALCA;YAZLIK;191819;0;0;6;22;0;0;0;0;0;0;0;25
«EKMEK÷Y;ALEMDA–;40749;1;7;56;160;0;0;1;2;0;0;0;140
«EKMEK÷Y;AYDINLAR;40766;1;5;53;191;0;0;1;10;0;0;1;296
«EKMEK÷Y;CUMHUR›YET;40769;1;4;39;139;0;0;2;7;0;0;0;296
«EKMEK÷Y;«AMLIK;40753;0;2;25;145;0;0;1;7;0;0;0;233
«EKMEK÷Y;«ATALMEﬁE;40750;1;8;63;193;0;0;1;4;0;0;0;184
«EKMEK÷Y;EKﬁ›O–LU;40751;1;7;59;171;0;0;1;4;0;0;0;180
«EKMEK÷Y;G‹NG÷REN;40768;0;3;22;82;0;0;1;4;0;0;0;146
«EKMEK÷Y;HAM›D›YE;40754;1;4;46;224;0;0;2;12;1;2;2;118
«EKMEK÷Y;H‹SEY›NL›;191993;1;3;22;67;0;0;0;0;0;0;0;355
«EKMEK÷Y;K›RAZLIDERE;40770;0;2;21;87;0;0;1;4;0;0;0;22
«EKMEK÷Y;KO«ULLU;191995;1;5;27;67;0;0;0;1;0;0;0;119
«EKMEK÷Y;MEHMET AK›F;40755;1;7;66;310;0;0;3;19;0;0;1;42
«EKMEK÷Y;MERKEZ;40756;1;13;113;364;0;0;0;8;0;0;1;455
«EKMEK÷Y;M›MAR S›NAN;40757;1;7;70;251;0;0;2;12;0;0;0;459
«EKMEK÷Y;N›ﬁANTEPE;40752;0;4;48;143;0;0;0;0;0;0;0;399
«EKMEK÷Y;÷MERL›;40758;3;14;107;281;1;0;0;2;2;2;2;142
«EKMEK÷Y;REﬁAD›YE;191997;0;6;58;169;0;0;0;0;0;0;0;0
«EKMEK÷Y;SIRAPINAR;191999;1;3;25;70;0;0;0;0;0;0;0;121
«EKMEK÷Y;SO–UKPINAR;40767;0;3;28;95;0;0;0;3;0;0;0;60
«EKMEK÷Y;SULTAN«›FTL›–›;40764;1;4;32;115;0;0;1;6;0;0;0;28
«EKMEK÷Y;TAﬁDELEN;40765;0;2;18;68;0;0;1;4;0;0;0;127
ESENLER;B›RL›K;40348;17;41;228;567;23;13;63;124;0;0;1;233
ESENLER;«›FTE HAVUZLAR;40340;12;23;68;88;11;8;29;51;0;0;1;119
ESENLER;DAVUTPAﬁA;40342;28;57;226;387;37;20;96;174;1;1;2;1713
ESENLER;FAT›H;40350;41;84;394;837;72;39;190;353;1;1;2;3725
ESENLER;FEVZ› «AKMAK;40345;32;62;263;544;62;34;162;295;0;1;1;2788
ESENLER;HAVAALANI;40354;15;40;224;588;20;11;55;111;0;0;1;1579
ESENLER;KAZIM KARABEK›R;40346;26;52;250;604;51;28;135;252;0;1;1;2463
ESENLER;KEMER;40352;31;64;270;519;42;23;111;205;1;1;2;1938
ESENLER;MENDERES;40347;35;64;266;576;70;39;184;334;0;0;1;2828
ESENLER;M›MAR S›NAN;40341;23;43;162;293;36;20;94;168;0;0;1;1342
ESENLER;NAMIK KEMAL;40344;27;54;199;328;33;19;87;157;1;1;2;1680
ESENLER;N›NE HATUN;40343;49;90;367;735;102;55;267;480;1;0;1;4062
ESENLER;ORU«RE›S;40355;8;28;220;721;11;6;32;74;1;1;2;1249
ESENLER;TUNA;40351;32;74;365;775;47;26;125;238;0;0;1;2474
ESENLER;TURGUT RE›S;40353;7;22;178;633;11;6;31;70;0;0;1;1206
ESENLER;YAVUZ SEL›M;40349;8;15;59;107;10;5;26;47;0;0;0;348
ESENYURT;AK«ABURGAZ;40880;9;44;232;457;8;4;27;62;1;2;4;1166
ESENYURT;AKEVLER;181498;2;6;27;62;6;3;16;33;0;0;1;383
ESENYURT;AKﬁEMSEDD›N;181504;11;34;131;194;12;7;33;63;0;0;1;644
ESENYURT;ARDI«LI;40861;9;34;149;226;9;4;27;54;1;0;1;566
ESENYURT;AﬁIK VEYSEL;181518;5;10;47;174;13;7;36;67;0;0;1;629
ESENYURT;ATAT‹RK;40881;12;45;192;306;12;6;34;70;1;1;2;1078
ESENYURT;BA–LAR«EﬁME;40855;20;62;291;550;38;21;103;201;1;1;2;2579
ESENYURT;BALIKYOLU;181510;19;70;306;509;29;16;81;162;1;1;1;2456
ESENYURT;BARBAROS HAYRETT›N PAﬁA;181488;5;14;47;141;26;13;69;126;1;1;1;1126
ESENYURT;BATTALGAZ›;181526;10;35;168;322;15;8;44;90;0;0;1;1295
ESENYURT;CUMHUR›YET;40865;2;4;12;49;14;7;36;64;0;0;1;524
ESENYURT;«INAR;181514;14;45;224;448;26;14;72;145;0;0;1;2209
ESENYURT;ESENKENT;40862;5;18;96;197;8;3;21;42;0;0;1;637
ESENYURT;FAT›H;40851;20;52;226;428;37;22;102;196;1;1;1;2269
ESENYURT;G÷KEVLER;181490;2;6;22;55;12;5;33;60;0;0;1;325
ESENYURT;G‹ZELYURT;40895;9;24;114;241;19;9;53;102;1;1;2;1172
ESENYURT;H‹RR›YET;181482;17;59;248;424;28;16;82;163;1;1;2;2240
ESENYURT;›NC›RTEPE;40852;23;67;279;471;38;21;105;200;1;1;1;2478
ESENYURT;›N÷N‹;40853;16;50;227;404;31;16;84;162;1;1;1;2201
ESENYURT;›ST›KLAL;40879;12;44;207;403;17;10;49;101;0;1;1;1349
ESENYURT;KOZA;181522;4;13;57;118;4;2;14;26;0;0;1;199
ESENYURT;MEHMET AK›F ERSOY;181494;7;23;114;251;23;12;65;129;0;1;1;1670
ESENYURT;MEHTER«EﬁME;40854;16;49;237;491;42;23;120;240;1;1;2;2813
ESENYURT;MEVLANA;181492;4;9;29;93;22;12;60;107;0;1;1;723
ESENYURT;NAMIK KEMAL;40856;33;77;289;452;40;22;109;201;1;1;2;2307
ESENYURT;NEC›P FAZIL KISAK‹REK;181484;14;49;208;344;22;12;62;123;0;1;1;1687
ESENYURT;ORHAN GAZ›;40863;6;22;103;193;6;3;18;36;1;1;1;698
ESENYURT;OSMANGAZ›;181480;29;117;542;926;25;14;73;153;2;2;4;2628
ESENYURT;÷RNEK;40857;16;53;246;429;22;12;61;122;0;0;1;1580
ESENYURT;PINAR;40864;24;73;341;649;47;27;130;255;1;1;2;3114
ESENYURT;P›R› RE›S;181486;2;6;24;78;13;7;35;65;0;0;1;542
ESENYURT;SAADETDERE;40858;33;78;297;476;45;25;120;223;1;1;2;2280
ESENYURT;SELAHADD›N EYYUB›;181516;12;46;223;439;17;9;51;109;1;1;2;1765
ESENYURT;SULTAN›YE;181508;11;31;145;285;22;12;61;118;0;0;1;1433
ESENYURT;S‹LEYMAN›YE;181512;17;53;261;514;32;18;88;174;1;1;1;2401
ESENYURT;ﬁEH›TLER;181524;11;42;196;350;17;9;48;97;0;0;1;1443
ESENYURT;TALATPAﬁA;40859;16;51;238;460;34;18;93;184;1;1;2;2156
ESENYURT;TURGUT ÷ZAL;181502;19;48;190;329;34;19;93;174;1;1;2;2275
ESENYURT;‹«EVLER;181496;13;40;196;413;30;16;82;163;0;0;1;2031
ESENYURT;YEN›KENT;40860;16;46;217;411;27;15;73;142;0;0;1;1788
ESENYURT;YEﬁ›LKENT;40866;13;41;185;354;36;20;101;199;1;1;3;1799
ESENYURT;YUNUS EMRE;181506;18;58;243;384;28;15;78;149;0;0;1;1948
ESENYURT;ZAFER;181500;7;20;85;172;17;9;47;89;1;1;2;804
EY‹P;A–A«LI;191741;1;4;20;52;0;0;0;0;0;0;0;23
EY‹P;AKPINAR;191743;4;10;30;65;0;0;2;3;0;0;0;48
EY‹P;AKﬁEMSETT›N;40358;4;18;107;402;3;2;14;38;0;1;1;768
EY‹P;AL›BEYK÷Y;40359;19;49;203;397;9;6;26;52;0;1;1;620
EY‹P;«IR«IR;40360;7;26;148;452;2;1;13;30;0;0;1;701
EY‹P;«›FTALAN;191745;1;3;7;16;0;0;0;0;0;0;0;11
EY‹P;DEFTERDAR;40361;29;59;207;289;15;10;37;70;0;1;1;515
EY‹P;D‹–MEC›LER;40362;14;37;183;340;14;9;39;77;0;0;1;1229
EY‹P;EMN›YETTEPE;40363;10;25;108;240;5;3;15;30;0;0;1;436
EY‹P;ESENTEPE;40364;10;30;137;341;5;4;17;37;0;0;1;822
EY‹P;G÷KT‹RK MERKEZ;40379;15;64;321;745;6;1;31;76;1;1;2;1564
EY‹P;G‹ZELTEPE;40366;16;43;211;532;9;6;29;62;1;1;1;1175
EY‹P;IﬁIKLAR;191747;1;5;22;57;0;0;0;0;0;0;0;24
EY‹P;›HSAN›YE;191749;0;2;6;14;0;0;0;0;0;0;0;9
EY‹P;›SLAMBEY;40367;22;54;236;482;16;11;44;87;0;0;1;844
EY‹P;KARADOLAP;40368;12;41;197;524;5;4;21;47;0;0;1;832
EY‹P;MERKEZ;40365;26;53;187;322;15;11;43;79;1;1;1;891
EY‹P;M›MAR S›NAN;40369;5;21;101;197;1;1;5;10;0;0;1;209
EY‹P;M›THATPAﬁA;40370;11;40;180;338;2;2;8;18;1;1;1;324
EY‹P;N›ﬁANCI;40371;24;66;297;492;18;13;50;98;1;1;1;1144
EY‹P;ODAYER›;191751;0;2;11;27;0;0;0;0;0;0;0;10
EY‹P;P›R›N««›;191753;3;13;65;165;0;0;1;6;0;0;0;112
EY‹P;RAM› CUMA;40372;10;26;119;244;11;7;32;61;0;0;0;911
EY‹P;RAM› YEN›;40373;15;36;157;288;11;7;31;60;0;0;1;972
EY‹P;SAKARYA;40374;6;22;101;265;3;2;11;23;0;0;0;349
EY‹P;S›LAHTARA–A;40375;5;17;90;240;3;2;9;20;0;0;0;342
EY‹P;TOP«ULAR;40376;26;62;260;366;9;5;26;50;1;1;2;455
EY‹P;YEﬁ›LPINAR;40378;4;13;83;345;6;3;21;46;0;0;1;727
FAT›H;AKSARAY;99127;81;130;350;510;40;27;103;178;1;1;2;1136
FAT›H;AKﬁEMSETT›N;99137;64;100;320;654;67;41;174;303;1;1;1;2010
FAT›H;ALEMDAR;40307;10;21;78;161;0;0;2;3;0;1;0;33
FAT›H;AL› KUﬁ«U;99141;49;77;222;389;42;28;111;193;0;0;1;1255
FAT›H;AT›KAL›;99140;45;73;218;375;52;32;134;234;0;0;1;1747
FAT›H;AYVANSARAY;99146;111;214;568;848;56;47;154;275;1;1;2;2164
FAT›H;BALABANA–A;40308;7;12;37;68;0;0;1;2;0;0;0;10
FAT›H;BALAT;99145;78;144;392;645;51;41;137;246;0;0;1;1618
FAT›H;BEYAZIT;40309;19;32;94;135;0;0;1;2;1;0;1;8
FAT›H;B›NB›RD›REK;40310;12;22;69;100;3;2;7;13;0;0;1;110
FAT›H;CANKURTARAN;40311;25;53;157;211;4;4;11;20;0;0;1;174
FAT›H;CERRAHPAﬁA;99128;50;76;209;293;41;25;106;182;0;1;1;1086
FAT›H;C›BAL›;99143;42;82;245;365;23;18;63;112;0;0;1;964
FAT›H;DEM›RTAﬁ;40312;18;30;79;105;1;1;3;6;0;0;1;35
FAT›H;DERV›ﬁ AL›;40422;60;114;333;560;49;35;131;233;0;0;1;1856
FAT›H;EM›N S›NAN;40313;13;25;77;115;3;3;9;16;0;0;0;142
FAT›H;HACI KADIN;40314;9;19;57;74;2;2;7;12;0;0;0;58
FAT›H;HASEK› SULTAN;99129;47;72;208;350;45;27;117;201;0;0;1;1150
FAT›H;HIRKA-› ﬁER›F;99138;78;125;362;596;83;52;217;376;1;1;2;2714
FAT›H;HOBYAR;40315;11;20;67;137;0;0;0;1;0;0;1;9
FAT›H;HOCA GIYASETT›N;40316;12;25;72;91;3;2;8;14;0;0;0;106
FAT›H;HOCAPAﬁA;40317;13;24;75;146;0;0;0;1;0;0;1;18
FAT›H;›SKENDERPAﬁA;40397;41;70;226;487;33;21;88;154;0;1;1;1152
FAT›H;KALENDERHANE;40319;4;9;28;43;1;1;4;7;0;0;0;50
FAT›H;KARAG‹MR‹K;99139;42;70;204;310;41;27;108;187;0;1;1;1194
FAT›H;KAT›P KASIM;40320;29;48;128;181;7;5;18;31;0;0;1;249
FAT›H;KEMALPAﬁA;40318;9;17;60;149;1;1;4;7;0;0;0;36
FAT›H;KOCA MUSTAFAPAﬁA;40390;128;185;456;621;120;78;309;527;1;1;2;2981
FAT›H;K‹«‹K AYASOFYA;40321;27;53;164;232;7;6;20;36;0;0;1;335
FAT›H;MERCAN;40322;12;26;85;144;0;0;1;2;0;0;0;5
FAT›H;MES›HPAﬁA;40323;7;13;43;103;1;0;3;4;0;0;0;12
FAT›H;MEVLANAKAPI;99134;80;124;330;457;84;54;218;375;1;1;1;2620
FAT›H;M›MAR HAYRETT›N;40324;29;51;151;226;5;4;14;24;0;0;1;91
FAT›H;M›MAR KEMALETT›N;40325;21;35;108;181;2;1;5;8;0;0;1;29
FAT›H;MOLLA FENAR›;40326;20;36;112;176;0;0;2;3;0;0;0;13
FAT›H;MOLLA G‹RAN›;99136;52;82;251;472;48;29;124;215;0;1;1;1405
FAT›H;MOLLA H‹SREV;40327;6;13;43;63;2;2;6;10;0;0;0;95
FAT›H;MUHS›NE HATUN;40328;19;33;99;153;6;4;16;28;0;0;0;276
FAT›H;N›ﬁANCA;40329;29;51;155;250;12;8;31;55;0;0;1;539
FAT›H;R‹STEMPAﬁA;40330;6;12;38;63;0;0;0;0;0;0;0;2
FAT›H;SARA« ›SHAK;40331;13;23;70;107;3;2;9;15;0;0;0;126
FAT›H;SARIDEM›R;40332;15;21;44;49;0;0;1;2;0;0;0;3
FAT›H;SEYY›D ÷MER;40387;77;119;341;572;91;54;236;407;1;1;2;2979
FAT›H;S›L›VR›KAPI;99132;53;83;237;371;66;39;171;294;0;1;1;2012
FAT›H;SULTAN AHMET;40333;17;34;98;124;4;3;10;18;0;0;0;128
FAT›H;SURUR›;40334;10;19;61;101;0;0;0;1;0;0;0;4
FAT›H;S‹LEYMAN›YE;40335;9;20;68;112;1;1;3;6;0;0;0;76
FAT›H;S‹MB‹L EFEND›;99131;56;87;229;310;63;40;164;281;0;1;1;2220
FAT›H;ﬁEHREM›N›;99133;68;109;327;571;76;44;195;338;1;1;2;2320
FAT›H;ﬁEHSUVAR BEY;40336;23;41;124;187;6;5;16;28;0;0;1;234
FAT›H;TAHTAKALE;40337;10;20;65;111;0;0;0;0;0;0;0;4
FAT›H;TAYA HATUN;40338;12;23;69;106;0;0;1;1;0;0;0;13
FAT›H;TOPKAPI;99135;61;94;242;338;46;31;120;206;1;1;1;1193
FAT›H;YAVUZ S›NAN;40339;9;17;48;59;2;1;5;8;0;0;0;46
FAT›H;YAVUZ SULTAN SEL›M;99144;54;104;308;531;39;30;107;191;0;0;1;1849
FAT›H;YED›KULE;99130;137;185;410;448;118;83;301;514;1;1;2;2588
FAT›H;ZEYREK;99142;44;79;238;422;34;24;91;161;0;1;1;1502
GAZ›OSMANPAﬁA;BA–LARBAﬁI;40454;8;24;142;423;10;6;29;60;0;0;1;918
GAZ›OSMANPAﬁA;BARBAROS HAYRETT›N PAﬁA;40459;9;25;185;655;12;6;35;76;1;1;1;1180
GAZ›OSMANPAﬁA;FEVZ› «AKMAK;40457;5;13;82;256;6;3;18;39;0;0;0;664
GAZ›OSMANPAﬁA;H‹RR›YET;40458;10;24;147;435;13;7;36;72;0;0;1;1004
GAZ›OSMANPAﬁA;KARADEN›Z;40464;9;25;192;759;15;7;44;99;1;1;1;1571
GAZ›OSMANPAﬁA;KARAYOLLARI;40463;5;21;144;492;5;3;19;48;0;0;1;939
GAZ›OSMANPAﬁA;KARLITEPE;40451;4;16;90;251;4;3;13;27;0;0;0;620
GAZ›OSMANPAﬁA;KAZIM KARABEK›R;40461;4;13;95;438;7;3;21;49;0;0;1;791
GAZ›OSMANPAﬁA;MERKEZ;40455;18;46;249;622;15;9;42;84;1;1;1;1234
GAZ›OSMANPAﬁA;MEVLANA;40462;1;2;24;135;1;0;4;13;0;0;0;268
GAZ›OSMANPAﬁA;PAZAR›«›;40450;8;26;136;333;6;4;17;36;0;0;0;466
GAZ›OSMANPAﬁA;SARIG÷L;40453;15;51;219;561;12;9;38;78;0;0;1;1114
GAZ›OSMANPAﬁA;ﬁEMS›PAﬁA;40456;4;11;87;307;6;4;18;38;0;0;0;580
GAZ›OSMANPAﬁA;YEN› MAHALLE;40460;11;34;180;515;14;8;39;81;0;1;1;1304
GAZ›OSMANPAﬁA;YEN›DO–AN;40452;7;29;127;308;5;4;16;35;0;0;0;348
GAZ›OSMANPAﬁA;YILDIZTABYA;40449;11;43;177;479;9;7;29;63;0;0;1;962
G‹NG÷REN;ABDURRAHMAN NAF›Z G‹RMAN;40504;22;40;122;207;67;37;174;299;0;1;2;2279
G‹NG÷REN;AKINCILAR;40497;21;35;150;307;54;29;139;248;0;0;1;1911
G‹NG÷REN;GEN«OSMAN;40498;27;57;260;521;66;35;175;323;1;1;3;3121
G‹NG÷REN;G‹NEﬁTEPE;40499;40;75;348;719;102;55;267;487;1;1;3;4645
G‹NG÷REN;G‹VEN;40500;24;39;144;282;63;33;161;282;0;1;1;1754
G‹NG÷REN;HAZNEDAR;40501;30;48;176;351;72;38;185;324;0;1;1;1997
G‹NG÷REN;MAREﬁAL «AKMAK;40502;32;54;234;487;81;43;210;376;1;1;2;2906
G‹NG÷REN;MEHMET NES›H ÷ZMEN;40506;34;64;214;341;41;26;109;190;1;1;3;1050
G‹NG÷REN;MERKEZ;40496;44;75;325;661;112;61;292;521;1;1;3;4534
G‹NG÷REN;SANAY›;40503;38;75;300;509;44;24;117;209;1;1;3;1389
G‹NG÷REN;TOZKOPARAN;40505;30;49;134;212;52;34;136;237;1;0;2;1892
KADIK÷Y;19 MAYIS;40528;3;8;42;204;5;2;18;38;0;1;1;482
KADIK÷Y;ACIBADEM;40509;9;20;113;367;12;6;38;73;1;0;1;953
KADIK÷Y;BOSTANCI;40523;8;20;96;345;11;4;35;67;1;1;1;814
KADIK÷Y;CADDEBOSTAN;40521;6;15;74;260;6;2;22;43;0;0;1;489
KADIK÷Y;CAFERA–A;40512;17;38;196;648;13;6;39;74;1;0;1;787
KADIK÷Y;DUMLUPINAR;40518;12;33;152;248;11;6;31;58;0;1;1;713
KADIK÷Y;E–›T›M;40516;18;49;221;396;15;9;40;75;0;0;1;832
KADIK÷Y;ERENK÷Y;40524;5;12;53;232;8;3;26;49;0;0;1;581
KADIK÷Y;FENERBAH«E;40514;5;15;81;256;4;1;15;30;0;0;1;446
KADIK÷Y;FENERYOLU;40515;4;10;49;198;6;2;21;40;0;0;0;517
KADIK÷Y;F›K›RTEPE;40517;17;43;207;316;10;6;29;55;0;1;1;714
KADIK÷Y;G÷ZTEPE;40520;6;14;66;292;7;3;28;54;1;1;1;627
KADIK÷Y;HASANPAﬁA;40510;18;40;182;405;16;10;46;87;0;0;1;800
KADIK÷Y;KOﬁUYOLU;40508;6;23;116;280;2;2;12;26;0;0;0;312
KADIK÷Y;KOZYATA–I;40529;3;8;39;208;5;2;20;40;0;0;1;483
KADIK÷Y;MERD›VENK÷Y;40519;17;42;191;434;17;9;49;96;1;1;1;1533
KADIK÷Y;OSMANA–A;40511;16;33;167;481;10;5;25;46;0;0;1;349
KADIK÷Y;RAS›MPAﬁA;40507;18;41;189;518;12;6;31;58;0;0;1;617
KADIK÷Y;SAHRAYICED›T;40525;4;9;46;204;6;3;24;46;0;0;1;597
KADIK÷Y;SUAD›YE;40522;5;12;68;265;5;2;19;37;1;0;1;454
KADIK÷Y;Z‹HT‹PAﬁA;40513;11;20;78;160;9;4;24;43;0;1;1;485
KA–ITHANE;«A–LAYAN;40535;6;19;137;462;5;3;19;43;0;0;1;717
KA–ITHANE;«EL›KTEPE;40536;4;11;95;393;4;1;13;30;0;0;0;480
KA–ITHANE;EMN›YET EVLER›;40537;1;2;17;83;1;0;3;7;0;0;0;106
KA–ITHANE;G‹LTEPE;40538;2;6;51;204;2;1;6;13;0;0;0;224
KA–ITHANE;G‹RSEL;40539;8;22;137;430;6;3;22;47;0;0;1;774
KA–ITHANE;HAM›D›YE;40541;3;12;63;252;3;2;16;37;1;1;1;835
KA–ITHANE;HARMANTEPE;40540;3;10;86;311;2;1;8;20;0;0;0;328
KA–ITHANE;H‹RR›YET;40542;4;14;87;313;4;2;11;25;0;0;0;394
KA–ITHANE;MEHMET AK›F ERSOY;40544;10;25;112;243;8;6;23;44;0;0;1;908
KA–ITHANE;MERKEZ;40543;11;31;162;459;9;6;29;61;1;1;1;722
KA–ITHANE;NURTEPE;40545;9;25;123;326;8;5;26;52;0;1;1;865
KA–ITHANE;ORTABAYIR;40546;3;8;67;276;3;1;10;22;0;0;0;342
KA–ITHANE;SEYRANTEPE;40548;3;10;71;286;1;0;8;22;0;0;1;410
KA–ITHANE;SULTAN SEL›M;40547;3;9;74;356;3;1;12;28;0;0;1;442
KA–ITHANE;ﬁ›R›NTEPE;40549;2;8;55;229;3;1;8;19;0;0;0;349
KA–ITHANE;TALATPAﬁA;40550;12;32;178;529;12;6;32;68;1;1;1;1049
KA–ITHANE;TELS›ZLER;40551;2;5;41;173;2;1;6;14;0;0;0;180
KA–ITHANE;YAHYA KEMAL;40552;6;21;125;304;7;4;19;39;0;0;1;607
KA–ITHANE;YEﬁ›LCE;40553;2;5;46;187;1;0;4;10;0;0;0;176
KARTAL;ATALAR;40554;8;19;131;438;12;5;33;68;1;1;1;985
KARTAL;CEV›ZL›;40555;8;22;151;435;9;5;27;57;0;0;1;914
KARTAL;CUMHUR›YET;40556;5;21;141;407;2;0;12;28;0;0;1;653
KARTAL;«AVUﬁO–LU;40558;12;33;170;373;7;3;20;40;0;0;1;678
KARTAL;ESENTEPE;40559;9;32;209;564;5;2;21;48;1;1;1;853
KARTAL;G‹M‹ﬁPINAR;40560;6;22;133;366;7;3;22;49;0;0;1;914
KARTAL;H‹RR›YET;40561;19;72;401;948;13;7;48;107;1;1;2;2088
KARTAL;KARLIKTEPE;40562;12;31;185;517;11;6;33;68;1;1;1;1217
KARTAL;KORDONBOYU;40563;10;24;105;254;10;5;29;55;0;0;2;560
KARTAL;ORHANTEPE;40564;22;62;309;618;18;8;57;114;1;1;3;1752
KARTAL;ORTA;40565;3;10;72;255;3;1;10;23;0;0;0;425
KARTAL;PETROL ›ﬁ;40566;7;17;109;377;11;5;31;63;1;1;1;905
KARTAL;SO–ANLIK YEN›;40567;6;21;133;397;6;2;20;45;0;0;1;839
KARTAL;TOPSELV›;40568;10;29;167;325;8;4;22;44;0;0;1;702
KARTAL;U–UR MUMCU;40569;4;9;42;194;16;8;47;91;0;0;1;965
KARTAL;YAKACIK «ARSI;40557;13;44;199;441;5;3;21;48;1;1;1;774
KARTAL;YAKACIK YEN›;40570;9;32;152;314;7;4;24;50;0;0;1;920
KARTAL;YALI;40571;13;31;148;279;11;7;29;56;0;0;1;775
KARTAL;YUKARI;40572;6;15;73;188;6;3;16;31;0;0;0;363
KARTAL;YUNUS;40573;17;47;252;483;9;6;31;63;0;1;1;907
K‹«‹K«EKMECE;ATAKENT;40582;8;25;118;356;24;10;82;170;2;2;3;3055
K‹«‹K«EKMECE;ATAT‹RK;40591;32;97;473;985;41;25;115;230;1;1;2;3108
K‹«‹K«EKMECE;BEﬁYOL;40603;7;17;55;88;5;3;14;27;0;0;1;193
K‹«‹K«EKMECE;CENNET;40607;88;134;325;415;126;85;330;567;1;1;3;3933
K‹«‹K«EKMECE;CUMHUR›YET;40601;109;209;626;803;148;89;392;696;2;2;5;6445
K‹«‹K«EKMECE;FAT›H;40606;54;74;168;184;54;34;140;238;1;1;2;1489
K‹«‹K«EKMECE;FEVZ› «AKMAK;40596;84;155;477;603;89;51;232;406;1;1;2;3312
K‹«‹K«EKMECE;G‹LTEPE;40589;52;116;391;591;68;39;182;332;1;1;3;3207
K‹«‹K«EKMECE;HALKALI MERKEZ;40590;57;163;709;1315;92;53;255;492;2;2;7;5838
K‹«‹K«EKMECE;›N÷N‹;40592;95;243;924;1399;143;83;385;711;2;2;6;7372
K‹«‹K«EKMECE;›STASYON;40605;46;116;452;751;46;29;129;246;1;1;3;3350
K‹«‹K«EKMECE;KANARYA;40604;116;235;802;1210;144;91;384;696;1;1;4;7297
K‹«‹K«EKMECE;KARTALTEPE;40588;62;112;313;374;52;34;137;239;1;1;3;1752
K‹«‹K«EKMECE;KEMALPAﬁA;40594;34;65;219;316;44;24;114;202;0;1;1;1655
K‹«‹K«EKMECE;MEHMET AK›F;40586;21;75;435;991;33;19;95;201;1;1;2;3390
K‹«‹K«EKMECE;S÷–‹TL‹ «EﬁME;40587;82;181;645;892;89;51;236;424;1;1;3;3896
K‹«‹K«EKMECE;SULTAN MURAT;40595;42;85;262;329;47;28;125;222;0;1;1;1891
K‹«‹K«EKMECE;TEVF›KBEY;40593;87;171;533;722;103;63;272;482;1;2;4;4404
K‹«‹K«EKMECE;YARIMBURGAZ;40599;11;45;204;362;3;2;20;45;0;1;1;750
K‹«‹K«EKMECE;YEN› MAHALLE;40600;67;118;327;437;71;49;190;336;1;1;3;2297
K‹«‹K«EKMECE;YEﬁ›LOVA;40602;86;180;520;676;93;63;250;451;1;1;4;4140
MALTEPE;ALTAY«EﬁME;40612;6;15;90;294;9;4;27;57;0;1;1;877
MALTEPE;ALTINTEPE;40613;10;22;126;403;18;9;47;93;1;0;1;1077
MALTEPE;AYDINEVLER;40617;4;16;86;265;2;1;12;31;0;0;1;573
MALTEPE;BA–LARBAﬁI;40615;26;59;309;720;35;19;95;181;1;1;2;2227
MALTEPE;BAﬁIB‹Y‹K;40625;19;68;286;618;10;8;37;80;1;1;1;1184
MALTEPE;B‹Y‹KBAKKALK÷Y;40624;3;15;86;189;0;0;1;5;0;0;1;80
MALTEPE;CEV›ZL›;40614;27;69;343;710;30;15;85;162;1;1;2;2224
MALTEPE;«INAR;40608;4;10;67;218;6;3;19;41;0;0;1;602
MALTEPE;ESENKENT;40620;22;70;290;581;18;12;55;108;0;1;2;1406
MALTEPE;FEYZULLAH;40610;14;30;140;313;20;10;53;98;1;1;1;1170
MALTEPE;FINDIKLI;40619;4;14;130;561;4;2;22;57;0;0;1;1156
MALTEPE;G›RNE;40618;2;9;53;176;2;0;10;25;0;0;0;433
MALTEPE;G‹LENSU;40622;28;99;400;753;14;12;44;90;0;1;1;976
MALTEPE;G‹LSUYU;40621;20;67;316;595;12;9;37;76;1;1;1;947
MALTEPE;›DEALTEPE;40609;4;12;84;270;7;3;22;47;0;0;1;702
MALTEPE;K‹«‹KYALI MERKEZ;40611;6;15;100;315;9;4;27;57;0;0;1;816
MALTEPE;YALI;40616;25;57;212;320;20;11;55;102;1;1;2;1208
MALTEPE;Z‹MR‹TEVLER;40623;13;43;270;855;18;8;58;128;1;1;2;2444
PEND›K;AHMET YESEV›;40632;7;38;233;524;6;2;24;59;1;1;2;1282
PEND›K;BAH«EL›EVLER;40628;7;23;130;306;6;3;19;38;0;0;1;609
PEND›K;BALLICA;191755;1;4;25;60;0;0;0;0;0;0;0;28
PEND›K;BATI;40633;8;23;122;309;8;4;25;50;0;0;1;737
PEND›K;«AM«EﬁME;40649;7;23;161;487;8;4;26;57;0;0;1;1046
PEND›K;«AMLIK;40656;3;19;114;243;1;0;5;21;0;1;1;616
PEND›K;«INARDERE;40644;11;38;188;386;8;6;27;56;0;0;1;958
PEND›K;DO–U;40627;9;26;130;321;10;5;30;59;1;1;1;813
PEND›K;DUMLUPINAR;40626;17;58;286;611;11;8;38;82;1;1;1;1398
PEND›K;EM›RL›;191757;0;2;12;36;0;0;0;0;0;0;0;14
PEND›K;ERTU–RUL GAZ›;40635;29;107;405;796;7;9;40;85;0;1;1;720
PEND›K;ESENLER;40638;3;15;111;366;2;1;12;31;0;0;1;782
PEND›K;ESENYALI;40643;5;14;65;277;7;3;19;37;0;0;1;357
PEND›K;FAT›H;40647;6;25;163;415;6;3;19;43;0;0;1;905
PEND›K;FEVZ› «AKMAK;40629;7;26;179;537;7;2;26;60;1;1;1;1133
PEND›K;G÷«BEYL›;191759;1;6;45;118;0;0;0;0;0;0;0;50
PEND›K;G‹LL‹ BA–LAR;40640;4;21;131;316;1;0;11;26;0;0;1;552
PEND›K;G‹ZELYALI;40634;8;27;133;513;10;3;31;62;1;1;2;988
PEND›K;HARMANDERE;40636;5;16;60;118;4;2;13;27;0;0;0;441
PEND›K;KAVAKPINAR;40646;21;93;557;1271;19;8;65;145;1;1;3;2841
PEND›K;KAYNARCA;40631;12;37;235;734;14;6;46;99;1;1;2;1681
PEND›K;KURNA;191761;2;9;47;111;0;0;0;1;0;1;0;65
PEND›K;KURTDO–MUﬁ;191763;0;1;10;35;0;0;0;0;0;0;0;10
PEND›K;KURTK÷Y;40654;3;15;109;334;0;0;8;26;0;0;1;743
PEND›K;ORHANGAZ›;40650;8;33;217;557;9;4;26;59;1;0;1;1239
PEND›K;ORTA;40645;8;24;107;196;5;4;16;32;0;0;0;415
PEND›K;RAMAZANO–LU;40639;11;47;212;354;1;0;10;23;1;1;1;220
PEND›K;SANAY›;40651;6;28;133;219;3;2;9;19;1;0;1;215
PEND›K;SAPAN BA–LARI;40637;10;27;135;266;8;5;22;45;0;0;1;688
PEND›K;S‹L‹NTEPE;40655;8;41;230;537;4;2;19;47;0;1;1;976
PEND›K;ﬁEYHL›;40630;7;27;144;313;4;2;17;38;1;1;1;832
PEND›K;VEL›BABA;40642;10;48;271;665;5;3;26;66;1;1;2;1391
PEND›K;YAYALAR;40641;5;21;112;256;1;0;10;24;0;0;1;496
PEND›K;YEN›;40652;16;44;208;365;14;8;38;74;0;1;1;1129
PEND›K;YEN›ﬁEH›R;40653;3;18;117;335;2;0;17;49;1;1;1;1526
PEND›K;YEﬁ›LBA–LAR;40648;6;17;88;162;4;2;13;26;0;0;1;385
SANCAKTEPE;ABDURRAHMANGAZ›;40579;5;29;183;515;3;1;13;35;1;1;2;931
SANCAKTEPE;AKPINAR;40575;14;57;268;534;11;7;36;78;1;1;2;1340
SANCAKTEPE;ATAT‹RK;98781;1;6;69;285;0;0;2;12;0;0;0;359
SANCAKTEPE;EMEK;40759;4;22;144;394;3;1;14;36;0;1;1;844
SANCAKTEPE;EY‹P SULTAN;40578;5;24;154;419;1;0;9;28;1;1;2;628
SANCAKTEPE;FAT›H;40576;7;35;213;538;4;1;21;54;1;1;2;1257
SANCAKTEPE;H›LAL;40776;1;7;54;148;0;0;2;6;0;0;0;157
SANCAKTEPE;›N÷N‹;40760;1;4;48;228;0;0;2;11;0;0;0;271
SANCAKTEPE;KEMAL T‹RKLER;40761;1;7;63;230;0;0;3;12;0;0;0;329
SANCAKTEPE;MECL›S;40762;1;6;64;286;1;0;4;15;0;1;1;393
SANCAKTEPE;MERVE;40775;2;12;96;285;0;0;3;15;0;0;1;457
SANCAKTEPE;MEVLANA;40773;2;14;93;265;1;1;6;18;0;0;1;434
SANCAKTEPE;OSMANGAZ›;40580;19;84;416;861;11;6;46;111;1;1;3;2173
SANCAKTEPE;PAﬁAK÷Y;192001;1;9;51;125;0;0;0;0;0;0;0;65
SANCAKTEPE;SAFA;40771;2;13;88;256;1;0;7;21;0;0;0;517
SANCAKTEPE;SARIGAZ›;40763;4;17;114;322;3;1;12;30;0;0;1;704
SANCAKTEPE;VEYSEL KARAN›;40574;10;47;250;504;8;5;26;58;1;1;1;1215
SANCAKTEPE;YEN›DO–AN;40774;1;6;63;226;0;0;1;9;0;0;1;313
SANCAKTEPE;YUNUS EMRE;40772;3;17;108;312;1;1;9;25;0;0;1;580
SARIYER;AYAZA–A;40686;5;23;152;448;2;1;13;33;1;1;1;714
SARIYER;BAH«EK÷Y KEMER;40684;0;1;12;40;0;0;0;0;0;0;0;34
SARIYER;BAH«EK÷Y MERKEZ;40682;0;1;11;39;0;0;0;2;0;0;0;49
SARIYER;BAH«EK÷Y YEN›;40683;0;1;13;47;0;0;0;1;0;0;0;62
SARIYER;BALTAL›MANI;40657;3;12;74;187;0;0;3;8;0;0;0;125
SARIYER;B‹Y‹KDERE;40658;7;22;123;298;2;1;7;17;0;0;0;295
SARIYER;CUMHUR›YET;40659;2;10;66;200;0;0;3;10;0;0;0;176
SARIYER;«AMLITEPE;40660;1;4;27;97;0;0;1;5;0;0;0;83
SARIYER;«AYIRBAﬁI;40661;12;27;98;166;5;3;15;28;0;0;0;286
SARIYER;DAR‹ﬁﬁAFAKA;40662;1;3;15;48;0;0;1;3;0;0;0;140
SARIYER;DEM›RC›K÷Y;191765;1;3;31;92;0;0;0;0;0;0;0;34
SARIYER;EM›RGAN;40663;1;3;39;130;0;0;0;1;0;0;0;87
SARIYER;FAT›H SULTAN MEHMET;40664;3;19;153;434;0;0;4;14;0;0;0;291
SARIYER;FERAHEVLER;40665;1;6;55;203;0;0;1;5;0;0;0;150
SARIYER;GAR›P«E;191767;0;1;6;19;0;0;0;0;0;0;0;7
SARIYER;G‹M‹ﬁDERE;191769;1;5;37;107;0;0;0;0;0;0;0;54
SARIYER;HUZUR;40700;1;4;26;94;0;0;1;3;0;0;1;124
SARIYER;›ST›NYE;40666;11;30;141;284;8;5;23;44;0;1;1;592
SARIYER;KAZIM KARABEK›R PAﬁA;40667;2;10;75;217;0;0;2;8;0;0;0;158
SARIYER;KISIRKAYA;191771;0;2;12;31;0;0;0;0;0;0;0;28
SARIYER;K›RE«BURNU;40668;1;2;27;98;0;0;0;1;0;0;0;38
SARIYER;KOCATAﬁ;40669;1;6;46;134;0;0;1;4;0;0;0;80
SARIYER;KUMK÷Y (K›LYOS);191773;1;6;57;173;0;0;0;0;0;0;1;83
SARIYER;MADEN;40670;4;14;111;310;1;1;6;13;0;0;1;268
SARIYER;MASLAK;40704;1;6;45;124;1;1;6;15;0;1;1;26
SARIYER;PINAR;40672;2;9;59;192;1;1;4;10;0;0;0;195
SARIYER;POL›GON;40673;1;3;28;91;0;0;0;3;0;0;0;98
SARIYER;PTT EVLER›;40674;4;9;53;111;2;1;7;14;0;0;0;175
SARIYER;REﬁ›TPAﬁA;40675;4;18;125;384;1;1;6;18;1;0;1;307
SARIYER;RUMEL› H›SARI;40676;3;11;77;223;0;0;3;8;0;0;0;195
SARIYER;RUMEL› KAVA–I;40677;3;9;56;135;0;0;2;6;0;0;0;119
SARIYER;RUMEL›FENER›;191775;1;3;28;89;0;0;0;0;0;0;0;42
SARIYER;SARIYER MERKEZ;40671;15;37;179;380;8;5;25;47;1;1;1;546
SARIYER;TARABYA;40678;0;4;51;205;0;0;0;1;0;0;1;145
SARIYER;USKUMRUK÷Y;191777;1;12;123;364;0;0;0;0;1;1;0;184
SARIYER;YEN›;40679;5;11;60;136;2;1;5;11;0;0;0;145
SARIYER;YEN›K÷Y;40680;2;10;92;287;0;0;2;8;0;0;1;250
SARIYER;ZEKER›YAK÷Y;191779;1;8;103;360;0;0;0;0;1;1;1;231
S›L›VR›;AK÷REN;191835;4;17;83;199;0;0;0;0;1;0;1;95
S›L›VR›;AL›BEY;40920;8;28;134;330;7;4;24;53;1;1;1;1015
S›L›VR›;AL›PAﬁA;40927;8;31;127;221;0;0;1;3;1;1;1;117
S›L›VR›;BALABAN;40930;32;118;468;686;0;0;4;9;1;1;2;488
S›L›VR›;BEK›RL›;191845;3;7;24;49;0;0;0;1;0;0;0;28
S›L›VR›;BEYC›LER;191847;4;13;55;131;0;0;1;2;0;0;1;69
S›L›VR›;B‹Y‹K «AVUﬁLU;40941;9;26;101;239;0;0;3;6;0;1;1;145
S›L›VR›;B‹Y‹K KILI«LI;16775;4;17;75;172;0;0;0;0;0;0;0;85
S›L›VR›;B‹Y‹K S›NEKL›;16771;3;7;25;55;0;0;0;0;0;0;0;89
S›L›VR›;CUMHUR›YET;40922;34;126;490;678;6;3;22;49;1;2;1;704
S›L›VR›;«AYIRDERE;191851;12;26;73;155;0;0;2;4;0;0;0;104
S›L›VR›;«ELT›K;191837;8;31;124;207;0;0;0;1;1;1;1;142
S›L›VR›;DANAMANDIRA;191853;2;5;23;63;0;0;0;1;0;0;0;32
S›L›VR›;FAT›H;40918;9;28;104;215;6;4;17;36;0;0;0;454
S›L›VR›;FENER;16765;13;45;168;316;0;0;2;4;1;1;1;195
S›L›VR›;FEVZ›PAﬁA;40933;7;29;128;242;1;1;5;12;1;1;2;188
S›L›VR›;GAZ›TEPE;40925;7;28;105;180;0;0;1;3;0;0;0;124
S›L›VR›;G‹M‹ﬁYAKA;40935;45;186;781;1146;1;0;14;34;2;2;5;946
S›L›VR›;H‹RR›YET;40937;1;16;110;214;0;0;0;0;1;1;0;322
S›L›VR›;›SMETPAﬁA;40934;7;29;122;229;1;1;4;10;1;1;1;221
S›L›VR›;KADIK÷Y;40939;12;38;128;224;1;1;4;9;0;0;0;170
S›L›VR›;KAVAKLI;40936;2;18;119;226;0;0;0;1;1;1;0;153
S›L›VR›;KURFALLI;191855;3;11;39;90;0;0;0;0;0;0;0;48
S›L›VR›;K‹«‹K KILI«LI;40924;2;7;28;54;0;0;0;0;0;0;0;30
S›L›VR›;K‹«‹K S›NEKL›;16779;1;3;8;18;0;0;0;0;0;0;0;11
S›L›VR›;M›MAR S›NAN;40923;37;139;559;822;9;3;33;72;1;2;4;1349
S›L›VR›;ORTAK÷Y;40938;20;75;307;496;1;1;4;10;1;2;0;353
S›L›VR›;P›R› MEHMET PAﬁA;40919;11;30;124;278;6;4;19;40;0;1;1;584
S›L›VR›;SANCAKTEPE;40931;23;85;341;526;1;0;7;15;1;1;2;453
S›L›VR›;SAYALAR;191859;4;10;32;75;0;0;1;3;0;0;0;43
S›L›VR›;SEL›MPAﬁA;40940;31;165;814;1319;5;2;23;64;3;5;5;1515
S›L›VR›;SEM›ZKUMLAR;40926;52;216;926;1347;3;0;9;20;1;2;3;1093
S›L›VR›;SEYMEN;191841;5;19;82;180;0;0;0;0;0;0;0;88
S›L›VR›;YEN›;40921;17;64;274;518;10;3;46;104;1;2;3;1964
S›L›VR›;YOL«ATI;40932;4;14;54;97;0;0;0;0;0;0;0;64
SULTANBEYL›;ABDURRAHMANGAZ›;40949;14;68;389;781;11;7;36;85;1;1;2;1763
SULTANBEYL›;AD›L;40943;2;12;96;265;0;0;5;19;0;0;1;578
SULTANBEYL›;AHMET YESEV›;40942;8;45;292;677;6;2;23;57;0;0;1;1305
SULTANBEYL›;AKﬁEMSETT›N;40956;4;29;182;377;2;1;11;30;0;0;1;631
SULTANBEYL›;BATTALGAZ›;40944;9;58;368;789;4;2;23;63;1;1;2;1470
SULTANBEYL›;FAT›H;40951;6;40;256;518;5;2;20;48;0;0;1;1112
SULTANBEYL›;HAM›D›YE;40952;12;67;379;702;10;6;36;83;1;1;2;1651
SULTANBEYL›;HASANPAﬁA;40948;6;36;217;461;4;3;17;42;0;0;1;955
SULTANBEYL›;MEC›D›YE;40945;7;42;260;568;4;3;17;46;0;1;2;1075
SULTANBEYL›;MEHMET AK›F;40950;12;60;362;743;10;5;34;78;1;1;2;1581
SULTANBEYL›;M›MAR S›NAN;40946;3;26;178;436;0;0;5;24;1;1;2;626
SULTANBEYL›;NEC›P FAZIL;40954;8;52;285;512;5;2;21;51;1;1;2;1082
SULTANBEYL›;ORHANGAZ›;40955;7;41;223;410;6;3;22;51;1;1;1;918
SULTANBEYL›;TURGUT RE›S;40947;3;23;168;417;1;0;10;29;0;0;1;742
SULTANBEYL›;YAVUZ SEL›M;40953;8;49;294;569;5;2;20;50;0;1;1;1146
SULTANGAZ›;50. YIL;40471;10;32;278;1045;14;7;45;105;1;1;2;1779
SULTANGAZ›;75. YIL;40467;2;5;47;262;2;0;8;22;0;0;1;387
SULTANGAZ›;CEBEC›;40474;7;30;256;923;5;2;21;56;1;1;1;1347
SULTANGAZ›;CUMHUR›YET;40465;1;2;25;134;1;0;4;10;0;0;0;189
SULTANGAZ›;ESENTEPE;40470;4;19;160;686;3;1;17;48;0;1;1;1114
SULTANGAZ›;ESK› HAB›PLER;40356;1;6;37;120;0;0;0;4;0;0;0;139
SULTANGAZ›;GAZ›;40469;6;24;121;404;6;4;20;46;0;0;1;793
SULTANGAZ›;HAB›BLER;40477;3;19;91;275;0;0;0;8;0;0;0;137
SULTANGAZ›;›SMETPAﬁA;40475;4;13;138;611;5;2;17;45;0;0;1;980
SULTANGAZ›;MALKO«O–LU;40476;0;2;26;134;0;0;2;6;0;0;0;163
SULTANGAZ›;SULTAN«›FTL›–›;40472;3;10;104;454;4;1;14;35;0;0;1;641
SULTANGAZ›;U–UR MUMCU;40473;8;25;206;713;11;5;33;76;1;1;1;1207
SULTANGAZ›;YAYLA;40377;2;11;77;211;0;0;1;6;0;0;0;188
SULTANGAZ›;YUNUS EMRE;40466;2;9;74;360;3;2;14;37;0;0;1;667
SULTANGAZ›;Z‹BEYDE HANIM;40468;8;38;164;552;3;3;21;52;0;0;1;793
ﬁ›LE;A–A«DERE;191927;0;1;5;13;0;0;0;0;0;0;0;6
ﬁ›LE;A–VA MERKEZ;40961;1;4;39;117;0;0;0;0;0;1;1;40
ﬁ›LE;AHMETL›;191861;2;6;38;110;0;0;0;0;1;1;1;41
ﬁ›LE;AK«AKESE;191863;0;2;12;40;0;0;0;0;0;0;0;12
ﬁ›LE;ALACALI;191947;0;1;15;53;0;0;0;0;0;0;0;13
ﬁ›LE;AVCIKORU;191949;0;1;6;17;0;0;0;0;0;0;0;5
ﬁ›LE;BAL›BEY;40960;0;3;50;185;0;0;0;0;0;1;1;49
ﬁ›LE;BI«KIDERE;191951;1;3;14;33;0;0;0;1;0;0;0;16
ﬁ›LE;BOZGOCA;16785;0;0;3;9;0;0;0;0;0;0;0;2
ﬁ›LE;BUCAKLI;191897;0;1;10;33;0;0;0;0;0;0;0;10
ﬁ›LE;«ATAKLI;191899;1;1;7;18;0;0;0;0;0;0;0;9
ﬁ›LE;«AVUﬁ;40959;1;5;62;209;0;0;0;0;1;1;1;130
ﬁ›LE;«AYIRBAﬁI;191867;0;2;17;60;0;0;0;0;0;0;0;18
ﬁ›LE;«ELEB›;191901;0;0;4;15;0;0;0;0;0;0;0;4
ﬁ›LE;«ENG›LL›;191929;0;2;7;19;0;0;0;0;0;0;0;9
ﬁ›LE;DARLIK;191869;0;1;4;11;0;0;0;0;0;0;0;5
ﬁ›LE;DE–›RMEN«AYIRI;191931;1;6;26;63;0;0;0;0;0;0;0;30
ﬁ›LE;DO–ANCILI;191953;0;1;16;63;0;0;0;0;0;0;1;14
ﬁ›LE;ERENLER;191871;0;0;2;5;0;0;0;0;0;0;0;2
ﬁ›LE;ESENCEL›;191955;0;1;3;8;0;0;0;0;0;0;0;4
ﬁ›LE;GEREDEL›;191903;1;4;24;72;0;0;0;0;0;0;0;28
ﬁ›LE;G÷«E;191905;1;2;13;40;0;0;0;0;0;0;0;16
ﬁ›LE;G÷KMAﬁLI;16807;0;1;8;22;0;0;0;0;0;0;0;7
ﬁ›LE;G÷KSU;191909;1;3;12;32;0;0;0;0;0;0;0;14
ﬁ›LE;HACI KASIM;40958;0;0;7;29;0;0;0;0;0;0;0;10
ﬁ›LE;HACILLI;191911;0;2;8;20;0;0;0;0;0;0;0;10
ﬁ›LE;HASANLI;191933;1;2;9;26;0;0;0;0;0;0;0;12
ﬁ›LE;›MRENDERE;191873;0;2;15;48;0;0;0;0;0;0;0;10
ﬁ›LE;›MRENL›;191875;0;2;14;49;0;0;0;0;0;0;0;10
ﬁ›LE;›SAK÷Y;191913;1;1;10;20;0;0;0;0;0;0;0;11
ﬁ›LE;KABAKOZ;191877;1;4;23;75;0;0;0;0;0;0;0;19
ﬁ›LE;KADIK÷Y;191915;0;0;2;9;0;0;0;0;0;0;0;2
ﬁ›LE;KALEM;191917;0;1;9;28;0;0;0;0;0;0;0;10
ﬁ›LE;KARABEYL›;191879;0;1;6;18;0;0;0;0;0;0;0;7
ﬁ›LE;KARACAK÷Y;191881;0;1;7;25;0;0;0;0;0;0;0;6
ﬁ›LE;KARAK›RAZ;191957;0;1;7;23;0;0;0;0;0;0;0;5
ﬁ›LE;KARAMANDERE;191883;0;1;6;18;0;0;0;0;0;0;0;8
ﬁ›LE;KERVANSARAY;191959;0;1;7;19;0;0;0;0;0;0;0;7
ﬁ›LE;KIZILCA;191885;1;3;16;49;0;0;0;0;0;0;0;16
ﬁ›LE;KORUCU;191887;0;1;4;13;0;0;0;0;0;0;0;4
ﬁ›LE;K÷M‹RL‹K;191961;0;0;2;9;0;0;0;0;0;0;0;2
ﬁ›LE;KUMBABA;40957;1;5;52;154;0;0;0;0;1;1;1;56
ﬁ›LE;KURFALLI;191919;0;1;9;30;0;0;0;0;0;0;0;7
ﬁ›LE;KURNA;191963;0;0;5;21;0;0;0;0;0;0;0;4
ﬁ›LE;MEﬁRUT›YET;191889;0;1;12;40;0;0;0;0;0;0;0;11
ﬁ›LE;ORU«O–LU;191965;1;3;16;36;0;0;0;0;0;0;0;19
ﬁ›LE;OSMANK÷Y;191935;1;2;8;20;0;0;0;0;0;0;0;10
ﬁ›LE;OVACIK;191891;0;1;4;12;0;0;0;0;0;0;0;4
ﬁ›LE;SAH›LK÷Y;191967;0;2;26;94;0;0;0;0;0;0;0;23
ﬁ›LE;SATMAZLI;191893;1;2;10;30;0;0;0;0;0;0;0;11
ﬁ›LE;SOFULAR;191969;0;0;5;19;0;0;0;0;0;0;0;5
ﬁ›LE;SO–ULLU;191921;1;2;9;23;0;0;0;0;0;0;0;10
ﬁ›LE;SORTULLU;191937;0;1;3;8;0;0;0;0;0;0;0;5
ﬁ›LE;ﬁUAY›PL›;191923;0;0;7;25;0;0;0;0;0;0;0;6
ﬁ›LE;TEKE;16816;1;3;16;41;0;0;0;0;0;0;0;20
ﬁ›LE;ULUPEL›T;191971;1;2;10;27;0;0;0;0;0;0;0;12
ﬁ›LE;‹VEZL›;191973;0;0;4;16;0;0;0;0;0;0;0;3
ﬁ›LE;YAKA;191939;1;2;8;19;0;0;0;0;0;0;0;10
ﬁ›LE;YAYLALI;191941;0;1;3;9;0;0;0;0;0;0;0;4
ﬁ›LE;YAZIMANAYIR;191943;0;2;7;20;0;0;0;0;0;0;0;9
ﬁ›LE;YEN›K÷Y;191895;0;1;7;20;0;0;0;0;0;0;0;10
ﬁ›LE;YEﬁ›LVAD›;191945;0;1;4;13;0;0;0;0;0;0;0;4
ﬁ›ﬁL›;19 MAYIS;40685;2;5;24;131;2;1;7;14;0;0;0;145
ﬁ›ﬁL›;BOZKURT;40687;3;7;37;187;2;1;6;13;0;0;0;174
ﬁ›ﬁL›;CUMHUR›YET;40688;2;4;21;122;2;1;5;10;0;0;0;96
ﬁ›ﬁL›;DUATEPE;40689;2;4;22;118;1;1;5;9;0;0;0;115
ﬁ›ﬁL›;ERGENEKON;40690;1;5;23;98;1;1;3;6;0;0;0;48
ﬁ›ﬁL›;ESENTEPE;40691;2;7;33;145;0;0;3;10;1;0;1;116
ﬁ›ﬁL›;ESK›ﬁEH›R;40692;4;14;69;248;3;2;8;17;0;0;0;286
ﬁ›ﬁL›;FER›K÷Y;40693;3;7;37;182;3;2;8;17;0;0;0;229
ﬁ›ﬁL›;FULYA;40694;2;5;26;166;3;1;10;20;0;1;1;192
ﬁ›ﬁL›;G‹LBAHAR;40695;2;7;37;176;3;1;9;19;0;0;0;313
ﬁ›ﬁL›;HALASKARGAZ›;40698;1;3;15;80;0;0;2;4;0;0;0;31
ﬁ›ﬁL›;HAL›DE ED›P ADIVAR;40696;2;6;33;154;2;0;6;15;0;0;0;266
ﬁ›ﬁL›;HAL›L RIFAT PAﬁA;40697;1;5;22;80;1;0;3;7;0;0;0;101
ﬁ›ﬁL›;HARB›YE;40699;1;3;15;68;0;0;1;3;0;0;0;39
ﬁ›ﬁL›;›N÷N‹;40711;3;11;49;172;1;0;3;7;0;0;0;104
ﬁ›ﬁL›;›ZZET PAﬁA;40712;2;6;30;118;2;1;5;10;0;0;0;158
ﬁ›ﬁL›;KAPTANPAﬁA;40701;0;1;5;20;0;0;1;2;0;0;0;54
ﬁ›ﬁL›;KUﬁTEPE;40702;5;22;104;343;4;3;13;29;0;0;0;397
ﬁ›ﬁL›;MAHMUT ﬁEVKET PAﬁA;40703;4;13;64;255;5;3;15;31;0;0;1;440
ﬁ›ﬁL›;MEC›D›YEK÷Y;40705;3;8;42;206;4;1;11;24;0;0;0;286
ﬁ›ﬁL›;MERKEZ;40706;4;10;54;284;3;1;10;21;1;1;1;194
ﬁ›ﬁL›;MEﬁRUT›YET;40707;7;13;58;263;4;2;10;18;0;0;0;188
ﬁ›ﬁL›;PAﬁA;40708;5;21;93;325;4;2;12;27;0;0;1;410
ﬁ›ﬁL›;TEﬁV›K›YE;40709;3;6;30;180;2;1;7;15;0;0;0;155
ﬁ›ﬁL›;YAYLA;40710;4;14;65;212;3;2;9;20;0;0;0;308
TUZLA;AKFIRAT;40725;1;11;65;117;0;0;0;2;0;0;0;142
TUZLA;ANADOLU;40730;0;4;23;48;0;0;0;1;0;0;0;43
TUZLA;AYDINLI;40720;41;176;821;1481;22;12;87;188;2;3;9;3467
TUZLA;AYDINTEPE;40717;11;38;191;458;12;6;34;72;1;1;2;1119
TUZLA;CAM›;40724;26;73;250;278;11;6;33;61;1;1;2;729
TUZLA;EVL›YA «ELEB›;40718;19;65;255;395;9;4;27;56;1;1;3;931
TUZLA;FAT›H;40731;1;5;32;72;0;0;0;0;0;0;0;43
TUZLA;›«MELER;40716;14;43;193;344;8;5;27;54;0;0;1;725
TUZLA;›STASYON;40723;46;98;312;450;29;19;80;149;1;2;5;1930
TUZLA;MESC›T;40732;5;27;123;197;1;1;7;17;1;1;2;371
TUZLA;M›MAR S›NAN;40721;77;199;586;717;57;43;159;293;1;2;5;3143
TUZLA;ORHANLI;40728;12;72;332;526;1;1;6;12;0;1;4;157
TUZLA;ORTA;40729;3;24;138;274;1;0;4;13;0;1;1;429
TUZLA;POSTANE;40719;56;183;737;1001;17;10;65;130;2;2;6;1878
TUZLA;ﬁ›FA;40722;103;238;673;733;81;50;218;392;2;2;6;4163
TUZLA;TEPE÷REN;40726;8;49;287;595;0;0;2;4;1;1;0;332
TUZLA;YAYLA;40715;23;65;292;553;19;12;59;121;1;1;2;1815
‹MRAN›YE;ADEM YAVUZ;98684;5;24;137;356;2;1;12;28;0;0;1;599
‹MRAN›YE;ALTINﬁEH›R;98685;3;15;126;418;3;1;12;31;1;1;1;694
‹MRAN›YE;ARMA–ANEVLER;98686;2;9;87;346;1;0;9;26;0;0;1;678
‹MRAN›YE;AﬁA–I DUDULLU;40742;5;26;151;337;2;1;11;26;0;0;1;497
‹MRAN›YE;ATAKENT;40748;1;6;57;197;0;0;4;14;0;0;0;412
‹MRAN›YE;ATAT‹RK;40735;2;7;68;276;2;1;9;23;0;0;0;423
‹MRAN›YE;CEM›L MER›«;98688;14;56;284;644;7;7;24;57;1;1;1;1014
‹MRAN›YE;«AKMAK;40738;1;5;52;275;0;0;5;18;0;0;1;424
‹MRAN›YE;«AMLIK;98689;0;3;28;161;0;0;2;8;0;0;0;209
‹MRAN›YE;DUMLUPINAR;98690;5;29;163;434;0;0;9;23;0;0;1;460
‹MRAN›YE;ELMALIKENT;98691;3;20;141;383;0;0;8;24;0;0;1;599
‹MRAN›YE;ESENEVLER;98692;1;3;37;196;0;0;3;13;0;0;0;285
‹MRAN›YE;ESENKENT;98709;3;21;163;462;0;0;4;18;1;1;2;580
‹MRAN›YE;ESENﬁEH›R;40747;5;24;163;414;4;1;13;31;1;1;1;692
‹MRAN›YE;FAT›H SULTAN MEHMET;98693;0;2;15;54;0;0;1;3;0;0;0;73
‹MRAN›YE;HEK›MBAﬁI;40744;3;18;107;286;0;0;3;12;0;0;0;201
‹MRAN›YE;HUZUR;98694;2;14;108;264;0;0;5;15;0;0;1;356
‹MRAN›YE;IHLAMURKUYU;40745;6;26;147;373;3;2;13;31;0;1;1;635
‹MRAN›YE;›NKILAP;40737;4;22;175;481;1;0;8;26;1;1;1;776
‹MRAN›YE;›ST›KLAL;40739;2;7;69;335;1;0;7;24;0;0;1;589
‹MRAN›YE;KAZIM KARABEK›R;40743;5;25;179;459;2;0;9;25;0;0;1;580
‹MRAN›YE;MADENLER;98695;1;7;57;187;0;0;3;12;0;0;1;305
‹MRAN›YE;MEHMET AK›F;98696;0;2;19;110;0;0;2;8;0;0;0;226
‹MRAN›YE;NAMIK KEMAL;40736;2;7;68;283;1;0;8;20;0;0;0;434
‹MRAN›YE;NEC›P FAZIL;98699;9;43;238;532;8;2;24;55;1;1;1;1235
‹MRAN›YE;PARSELLER;98700;3;18;124;301;1;0;8;22;0;0;1;584
‹MRAN›YE;SARAY;98701;1;3;24;73;0;0;0;1;0;0;0;24
‹MRAN›YE;S›TE;98702;4;17;101;297;2;1;9;26;0;1;1;656
‹MRAN›YE;ﬁER›FAL›;98703;1;5;48;179;0;0;1;4;0;0;1;133
‹MRAN›YE;TANTAV›;98704;1;3;24;83;0;0;2;6;0;0;0;182
‹MRAN›YE;TATLISU;98705;0;3;24;110;0;0;1;7;0;0;0;223
‹MRAN›YE;TEPE‹ST‹;98706;1;6;50;181;1;0;4;12;0;0;0;262
‹MRAN›YE;TOPA–ACI;98707;5;32;186;501;0;0;7;23;0;1;1;515
‹MRAN›YE;YAMANEVLER;98708;1;5;47;185;0;0;4;13;0;0;0;251
‹MRAN›YE;YUKARI DUDULLU;40741;4;21;159;483;1;0;6;19;1;1;1;539
‹SK‹DAR;ACIBADEM;40778;2;6;38;185;2;1;13;28;0;0;1;385
‹SK‹DAR;AHMED›YE;98664;3;7;46;164;3;1;9;18;0;0;0;312
‹SK‹DAR;ALTUN›ZADE;40781;2;8;52;197;1;0;6;16;0;0;1;895
‹SK‹DAR;AZ›Z MAHMUT H‹DAY›;98665;7;16;93;240;4;2;13;25;0;0;0;171
‹SK‹DAR;BAH«EL›EVLER;40785;6;29;154;419;2;1;11;30;0;0;1;395
‹SK‹DAR;BARBAROS;40786;2;7;44;152;2;1;8;19;0;0;0;478
‹SK‹DAR;BEYLERBEY›;40787;4;14;98;218;0;0;4;13;0;0;0;330
‹SK‹DAR;BULGURLU;40788;1;5;51;253;1;0;6;18;0;0;0;627
‹SK‹DAR;BURHAN›YE;40789;4;17;132;364;1;0;10;24;0;0;1;605
‹SK‹DAR;CUMHUR›YET;40790;3;8;84;386;2;1;11;28;0;1;1;693
‹SK‹DAR;«ENGELK÷Y;98666;7;24;171;402;2;1;11;27;1;0;1;320
‹SK‹DAR;FERAH;40794;6;23;149;358;5;3;19;42;1;0;1;332
‹SK‹DAR;G‹ZELTEPE;40797;3;12;106;283;1;0;6;17;0;0;0;168
‹SK‹DAR;›CAD›YE;40802;6;17;106;341;5;1;15;31;0;0;0;782
‹SK‹DAR;KAND›LL›;40806;1;6;47;113;0;0;0;1;0;0;0;159
‹SK‹DAR;KISIKLI;40809;4;17;128;373;2;1;10;27;1;1;1;471
‹SK‹DAR;K›RAZLITEPE;40808;6;24;158;351;3;2;14;31;0;0;0;120
‹SK‹DAR;KULEL›;40810;1;6;37;93;0;0;0;4;0;0;0;172
‹SK‹DAR;KUZGUNCUK;40811;4;16;109;264;1;0;5;11;0;0;0;268
‹SK‹DAR;K‹«‹K«AMLICA;98667;5;24;157;364;0;0;7;25;1;1;1;466
‹SK‹DAR;K‹«‹KSU;40812;3;13;100;276;1;0;4;18;0;0;1;358
‹SK‹DAR;K‹PL‹CE;40813;5;17;142;357;2;1;11;26;0;0;1;228
‹SK‹DAR;MEHMET AK›F ERSOY;40814;5;22;168;416;3;1;13;32;0;0;1;308
‹SK‹DAR;M›MAR S›NAN;98668;12;27;131;342;11;6;29;58;0;0;1;722
‹SK‹DAR;MURATRE›S;40815;4;11;67;259;6;3;16;32;0;0;0;420
‹SK‹DAR;SALACAK;40804;4;8;56;199;3;2;9;20;0;0;0;908
‹SK‹DAR;SELAM› AL›;40819;3;9;53;203;4;2;12;25;0;0;0;295
‹SK‹DAR;SEL›M›YE;40820;6;16;76;208;3;1;8;16;0;1;0;326
‹SK‹DAR;SULTANTEPE;98669;7;15;78;222;6;3;18;35;0;0;0;888
‹SK‹DAR;‹NALAN;40827;8;24;173;507;7;3;23;51;1;1;1;915
‹SK‹DAR;VAL›DE-› AT›K;40828;5;13;82;316;7;3;19;39;0;0;0;942
‹SK‹DAR;YAVUZT‹RK;40830;5;27;220;612;2;1;15;42;1;1;1;387
‹SK‹DAR;ZEYNEP KAM›L;98670;2;5;35;173;3;1;10;20;0;0;0;241
ZEYT›NBURNU;BEﬁTELS›Z;40838;43;89;354;622;56;31;147;268;0;1;2;2291
ZEYT›NBURNU;«IRPICI;40837;49;98;357;572;77;43;202;360;1;1;2;2760
ZEYT›NBURNU;G÷KALP;40834;31;62;253;456;45;24;118;215;0;1;2;1111
ZEYT›NBURNU;KAZLI«EﬁME;40840;25;44;126;182;13;8;36;68;0;1;3;346
ZEYT›NBURNU;MALTEPE;40843;62;125;378;513;15;8;44;81;1;1;4;181
ZEYT›NBURNU;MERKEZEFEND›;40842;29;60;216;369;39;24;105;193;1;1;2;2617
ZEYT›NBURNU;NUR›PAﬁA;40832;39;77;308;529;66;37;173;314;1;1;2;3220
ZEYT›NBURNU;SEY›TN›ZAM;40841;37;92;363;592;51;28;134;246;1;1;3;2363
ZEYT›NBURNU;S‹MER;40831;41;80;319;561;87;47;229;414;1;1;3;5682
ZEYT›NBURNU;TELS›Z;40839;72;133;470;801;84;48;223;400;1;1;3;1094
ZEYT›NBURNU;VEL›EFEND›;40836;39;80;309;530;66;38;175;317;1;1;2;3400
ZEYT›NBURNU;YEN›DO–AN;40833;17;33;135;234;24;13;63;114;0;0;1;1715
ZEYT›NBURNU;YEﬁ›LTEPE;40835;26;52;211;374;45;25;118;216;0;0;1;4250
